1,1Time Airline,798220
2,40-Mile Air,850329
3,Ansett Australia,927483
4,Abacus International,374114
5,Abelag Aviation,637711
6,Aigle Azur,184855
7,Aloha Airlines,731194
8,American Airlines,620236
9,Asiana Airlines,576411
10,Askari Aviation,283928
11,Afriqiyah Airways,399270
12,Afrinat International Airlines,154571
13,Allegiant Air,976774
14,Aban Air,624153
15,ABSA - Aerolinhas Brasileiras,588976
16,Airborne Express,217969
17,ABX Air,528620
18,Astral Aviation,710510
19,Aero Asia International,792876
20,Air Togo,332911
21,Advance Leasing Company,447311
22,Aztec Worldwide Airlines,999446
23,Air Tindi,965228
24,Ada Air,732818
25,ADC Airlines,277215
26,Adria Airways,510105
27,Air Europa,513414
28,Aero Benin,583642
29,Aegean Airlines,266238
30,Air Atlantique,451058
31,Air Europe,380525
32,Alaska Central Express,400910
33,Astraeus,743920
34,Aerosvit Airlines,629774
35,Air Italy,321613
36,American Falcon,862770
37,Alliance Airlines,139976
38,Ariana Afghan Airlines,773654
39,Aeroflot Russian Airlines,757454
40,Air Bosna,256522
41,Air France,250776
42,Air Caledonie International,570725
43,Air Gabon,454630
44,Air Salone,474283
45,Air Cargo Carriers,248697
46,Air Senegal International,268190
47,Air Namibia,326313
48,Air Service Gabon,576709
49,Aerolitoral,972009
50,Amadeus Global Travel Distribution,628533
51,Air Glaciers,161159
52,Aeroper,780138
53,Atlas Blue,576216
54,Air Alpha Greenland,697219
55,Air Hong Kong,977255
56,Aeromist-Kharkiv,692859
57,Azerbaijan Airlines,191232
58,Avies,263077
59,Airbus Industrie,209917
60,Alpine Air Express,369066
61,Airblue,416046
62,Air Berlin,103372
63,Air Contractors,991768
64,Air India Limited,362765
65,Air Bourbon,266989
66,Air Atlanta Icelandic,126594
67,Air Srpska,688494
68,Air Tahiti Nui,868572
69,Aero Services Executive,872934
70,Arkia Israel Airlines,827287
71,Air Jamaica,477510
72,Air One,826146
73,Air Sahara,127697
74,Air Malta,730690
75,Amerijet International,628882
76,Air Japan,981399
77,Air Kiribati,344980
78,Air Nippon Network Co. Ltd.,379837
79,America West Airlines,690604
80,Air Wisconsin,280261
81,Tatarstan Airlines,302768
82,Air Libert,325746
83,Air Lithuania,105211
84,Air Malawi,241087
85,Air Sicilia,690093
86,Air Macau,293189
87,Air Midwest,348693
88,Air Seychelles,942695
89,AeroMéxico,780358
90,All Nippon Airways,770175
91,Air Nostrum,608070
92,Air Niugini,387239
93,Air Arabia,891766
94,Air Canada,932772
95,Air Baltic,858748
96,Air Nippon,574569
97,Airnorth,144127
98,Air North Charter - Canada,593542
99,AOM French Airlines,998956
100,Air New Zealand,343421
101,AVCOM,526878
102,Aero VIP,131094
103,Air Vegas,571021
104,Alitalia Express,840166
105,Asia Overnight Express,224178
106,Aero Flight,588197
107,Arrow Air,154564
108,Arik Air,315413
109,Aerocondor,843135
110,Aires,619627
111,Aerolineas Argentinas,696268
112,Air Armenia,599104
113,Alaska Airlines,363563
114,Air Sinai,490053
115,Airstars,639914
116,Atlantic Southeast Airlines,503488
117,Astrakhan Airlines,960667
118,Air Tanzania,767910
119,Air Burkina,252601
120,Aero-Tropics Air Services,834718
121,Airlines Of Tasmania,605821
122,Air Saint Pierre,791907
123,Air Transport International,689953
124,Austrian Airlines,338066
125,Augsburg Airways,754261
126,AirBridge Cargo,642715
127,Abu Dhabi Amiri Flight,907638
128,Aeroflot-Nord,585743
129,Aurigny Air Services,607534
130,Aus-Air,634598
131,Austral Lineas Aereas,334969
132,Australian Airlines,966394
133,Avianca - Aerovias Nacionales de Colombia,473534
134,Air Vanuatu,953988
135,Airlink Zambia,631477
136,Air Bangladesh,980343
137,Air Mediterranee,718498
138,Aeroline GmbH,755933
139,Air Wales,149122
140,Air Caraïbes,736329
141,Air India Express,590907
142,Asian Express Airlines,370964
143,Air Exel,637534
144,AirAsia,858649
145,Axis Airways,659337
146,Atlant-Soyuz Airlines,464017
147,Alitalia,195858
148,Arcus-Air Logistic,992139
149,Amaszonas,437700
150,Air Zimbabwe,829392
151,Aserca Airlines,578859
152,Rossiya-Russian Airlines,810517
153,Aviaexpress,728817
154,American Eagle Airlines,626863
155,Airshop,308518
156,African Transport Trading and Investment Company,512819
157,Air Ivoire,574074
158,Air Botswana,925383
159,Air Foyle,131137
160,Air Tahiti,376756
161,Air Urga,570686
162,Air VIA,323886
163,Africa West,751028
164,Avirex,860859
165,ATRAN Cargo Airlines,804260
166,Avensa,613577
167,Avolar Aerolineas,291459
168,Air China,600433
169,Aero Condor Peru,327682
170,Arctic Circle Air Service,514839
171,Air Corridor,478393
172,Air Central,232748
173,Air Chathams,245557
174,Air Marshall Islands,300733
175,Access Air,220786
176,Air Algerie,408448
177,Adam Air,920588
178,Astar Air Cargo,458322
179,Antinea Airlines,466698
180,Air Dolomiti,686055
181,Aeroflot-Don,254191
182,Air Madrid,668506
183,Aero Airlines,637416
184,Air City,717142
185,Aer Lingus,371030
186,Alpi Eagles,391688
187,Air S,137350
188,Air Fiji,691619
189,Air Finland,581312
190,Air Pacific,906606
191,Atlantic Airways,323895
192,Air Florida,245372
193,Air Iceland,907713
194,Air Philippines,864077
195,Air Georgian,214728
196,Air Guinee Express,972272
197,Amber Air,636405
198,Air Georgia,748370
199,Air Greenland,244624
200,Allegro,889789
201,Atlas Air,380352
202,Air Guyane,885935
203,Air D'Ayiti,283843
204,Air Comores International,185249
205,Air Horizon,912270
206,Air Bagan,657330
207,Atyrau Air Ways,540143
208,Air Canada Jazz,304349
209,Atlasjet,532089
210,Air Koryo,178454
211,Air Astana,894864
212,Albanian Airlines,622184
213,Alidaunia,383678
214,Alliance Air,534785
215,Aerolane,983340
216,Air Alps Aviation,425587
217,Atlantis European Airways,677093
218,Air Luxor GB,735824
219,Air Luxor,568966
220,Air Mauritius,511012
221,Air Madagascar,425432
222,Air Moldova,415306
223,Aero Mongolia,724318
224,Air Plus Comet,488709
225,Aeromexpress,775586
226,Air Mauritanie,761258
227,Aeroland Airways,621890
228,Astair,709819
229,Albarka Air,355662
230,Aero Contractors,630583
231,Air Burundi,426166
232,Aeropelican Air Services,946613
233,Air Paradise International,370738
234,Air Class Lineas Aereas,342411
235,African Safari Airways,466855
236,Airbus France,368212
237,Air Mobility Command,165922
238,Aer Arann,740057
239,Air Austral,951563
240,Asian Spirit,181927
241,Air Afrique,547419
242,Airlinair,752387
243,Aero Lanka,592552
244,Armenian International Airways,440993
245,Armavia,616718
246,Aeromar,593860
247,AeroRep,329370
248,Aero-Service,727955
249,Aerosur,235550
250,Air Santo Domingo,977685
251,Aero California,512274
252,Avient Aviation,922518
253,Air Service,956177
254,Air Slovakia,129962
255,Aircompany Yakutia,398948
256,Aeromar,512592
257,Air Turks and Caicos,114411
258,Arkefly,514933
259,Airlines PNG,310825
260,Air Cal,635404
261,AirTran Airways,138510
262,Air Transat,310777
263,Avialeasing Aviation Company,644769
264,Austrian Arrows,689812
265,Aero-Charter Ukraine,637488
266,Air Ukraine,121406
267,Aerolineas Galapagos (Aerogal),862079
268,Alrosa Mirny Air Enterprise,460415
269,Baker Aviation,219750
270,British Airways,910867
271,Biman Bangladesh Airlines,273469
272,Bluebird Cargo,480503
273,BACH Flugbetriebsges,529459
274,Blue Dart Aviation,992427
275,B&H Airlines,695053
276,Buffalo Airways,191612
277,Benin Golf Air,851962
278,Belair Airlines,195514
279,Bahamasair,394718
280,Bringer Air Cargo Taxi Aereo,368756
281,Balkan Bulgarian Airlines,188452
282,BA Connect,842547
283,British International Helicopters,496430
284,Bankair,543443
285,Bangkok Airways,865140
286,Blue1,905715
287,Bearskin Lake Air Service,172336
288,Bellview Airlines,155880
289,bmi,769282
290,bmibaby,838967
291,Bemidji Airlines,299457
292,Bismillah Airlines,179780
293,Bouraq Indonesia Airlines,391819
294,Blue Panorama Airlines,927052
295,BRA-Transportes Aereos,477855
296,Bering Air,574995
297,Belavia Belarusian Airlines,178533
298,Bravo Air Congo,889258
299,Braniff International Airways,208104
300,Big Sky Airlines,396701
301,BAL Bashkirian Airlines,648587
302,Metro Batavia,547470
303,Berjaya Air,590507
304,Blue Wings,946023
305,BAX Global,468245
306,Bayu Indonesia Air,827750
307,Brit Air,724352
308,Boston-Maine Airways,166140
309,Brussels Airlines,998719
310,Binter Canarias,240872
311,Blue Air,536904
312,British Mediterranean Airways,517167
313,Bulgaria Air,911577
314,Barents AirLink,429889
315,CAL Cargo Air Lines,919840
316,CHC Airways,995740
317,Calima Aviacion,599736
318,Calm Air,944596
319,Camai Air,162824
320,Cameroon Airlines,591186
321,CanJet,640408
322,Canadian Airlines,102687
323,Canadian North,269680
324,Canadian Western Airlines,996295
325,Cape Air,711037
326,Capital Cargo International Airlines,333449
327,Cargo 360,128486
328,Cargoitalia,110497
329,Cargojet Airways,233710
330,Cargolux,742789
331,Caribbean Airlines,997201
332,Caribbean Star Airlines,725312
333,Carpatair,997291
334,Caspian Airlines,815972
335,Cathay Pacific,989031
336,Cayman Airways,201632
337,Cebu Pacific,197066
338,Centavia,526697
339,Centralwings,736462
340,Centre-Avia,458339
341,Centurion Air Cargo,976560
342,Chalk's Ocean Airways,682554
343,Champion Air,919689
344,Changan Airlines,133008
345,Chari Aviation Services,575814
346,Chautauqua Airlines,169362
347,Chicago Express,973033
348,China Airlines,771054
349,China Cargo Airlines,131992
350,China Eastern Airlines,540472
351,China Northern Airlines,330036
352,China Northwest Airlines,700939
353,China Postal Airlines,727106
354,China Southern Airlines,721821
355,China United Airlines,198939
356,China Xinhua Airlines,569970
357,Yunnan Airlines,923650
358,Chitaavia,274239
359,Cielos Airlines,142182
360,Cimber Air,186419
361,Cirrus Airlines,366905
362,City Airline,341040
363,City Connexion Airlines,698946
364,CityJet,688816
365,BA CityFlyer,391418
366,Civil Air Transport,156474
367,Club Air,617006
368,Coast Air,760805
369,Coastal Air,111989
370,Colgan Air,864061
371,Comair,968795
372,Comair,986799
373,CommutAir,142899
374,Comores Airlines,577672
375,Compania Mexicargo,361952
376,Compass Airlines,910957
377,Condor Flugdienst,149929
378,Consorcio Aviaxsa,912853
379,Contact Air,320239
380,Continental Airlines,448360
381,Continental Airways,915839
382,Continental Express,109016
383,Continental Micronesia,824269
384,Conviasa,634816
385,Copa Airlines,675720
386,Corsairfly,534534
387,Corse-Mediterranee,822087
388,Cosmic Air,400415
389,Croatia Airlines,273485
390,Crossair Europe,667432
391,Cubana de Aviación,713869
392,Cyprus Airways,408418
393,Cyprus Turkish Airlines,784783
394,Czech Airlines,509676
395,DAS Air Cargo,931226
396,DAT Danish Air Transport,611834
397,DHL International,619895
398,DHL de Guatemala,279711
399,Daallo Airlines,522699
400,Dagestan Airlines,965784
401,Dalavia,267549
402,Darwin Airline,207744
403,Dauair,296279
404,Delta Air Lines,671244
405,Deutsche Bahn,544936
406,Deutsche Rettungsflugwacht,373340
407,Dinar,166636
408,Dirgantara Air Service,820295
409,Discovery Airways,106192
410,Djibouti Airlines,829792
411,Dominicana de Aviaci,573984
412,Domodedovo Airlines,929501
413,DonbassAero,198521
414,Dragonair,202559
415,Druk Air,404760
416,dba,996032
417,Electronic Data Systems,184441
418,EUjet,778862
419,EVA Air,152634
420,Eagle Air,257337
421,East African,300539
422,East African Safari Air,666857
423,Eastern Airways,217190
424,Eastland Air,401329
425,Eastwind Airlines,309510
426,Edelweiss Air,502907
427,Egyptair,691522
428,El Al Israel Airlines,841545
429,El-Buraq Air Transport,231338
430,Emirates,155147
431,Empire Airlines,437119
432,Empresa Ecuatoriana De Aviacion,505216
433,Enkor JSC,144548
434,Eos Airlines,632502
435,Eritrean Airlines,365502
436,Estafeta Carga Aerea,809433
437,Estonian Air,253345
438,Ethiopian Airlines,203065
439,Etihad Airways,427807
440,Euro Exec Express,429883
441,EuroAtlantic Airways,605001
442,Eurocypria Airlines,324663
443,Eurofly Service,274331
444,Eurolot,403705
445,Euromanx Airways,791314
446,European Air Express,282902
447,European Air Transport,800527
448,European Aviation Air Charter,856906
449,Eurowings,587864
450,Evergreen International Airlines,406042
451,Excel Airways,457014
452,Execair Aviation,310372
453,Executive Airlines,883448
454,Expo Aviation,897386
455,Express One International,561078
456,ExpressJet,313414
457,easyJet,986653
458,Falcon Aviation,604773
459,Far Eastern Air Transport,332282
460,Faroejet,785515
461,Faso Airways,359242
462,Federal Express,105136
463,Fika Salaama Airlines,796124
464,Finalair Congo,126016
465,Finnair,878622
466,Finncomm Airlines,744754
467,Firefly,149456
468,First Air,444011
469,First Choice Airways,281660
470,Fischer Air,701429
471,Flightline,532618
472,Florida Coastal Airlines,364944
473,Florida West International Airways,846221
474,Fly Air,356164
475,Fly Me Sweden,478936
476,AirAsia X,669352
477,FlyLal,466544
478,FlyNordic,509263
479,Flybaboo,916453
480,Flybe,662656
481,Flyglobespan,869011
482,Formosa Airlines,740728
483,Forward Air International Airlines,364658
484,Four Star Aviation / Four Star Cargo,123267
485,Freedom Air,898991
486,Frontier Airlines,431444
487,Frontier Flying Service,541532
488,Futura International Airways,163345
489,GB Airways,855206
490,Galaxy Air,427248
491,Galileo International,633101
492,Gambia International Airlines,264465
493,Gandalf Airlines,114710
494,Garuda Indonesia,915180
495,Gazpromavia,226131
496,Gemini Air Cargo,539431
497,Georgian Airways,985711
498,Georgian National Airlines,426906
499,Germania,870602
500,Germanwings,406082
501,Gestair,993270
502,Ghana International Airlines,649918
503,Go Air,634131
504,Go One Airways,251504
505,GoJet Airlines,268609
506,Gol Transportes Aéreos,320196
507,Golden Air,844029
508,Gorkha Airlines,313636
509,Grant Aviation,324451
510,Great Lakes Airlines,550223
511,Great Wall Airlines,401237
512,Grupo TACA,768122
513,Guine Bissaur Airlines,657753
514,Guinee Airlines,462932
515,Gujarat Airways,619629
516,Gulf Air Bahrain,208078
517,Guyana Airways 2000,894535
518,Hageland Aviation Services,708439
519,Hahn Air,346703
520,Hainan Airlines,422249
521,Hainan Phoenix Information Systems,755887
522,Haiti Ambassador Airlines,402927
523,Hamburg International,917749
524,TUIfly,885502
525,Hapagfly,914230
526,Harbor Airlines,842260
527,Harmony Airways,875038
528,Hawaiian Airlines,888491
529,Hawaiian Pacific Airlines,165981
530,Hawkair,215198
531,Heavylift Cargo Airlines,960319
532,Heli France,747356
533,Helijet,292450
534,Helios Airways,194647
535,Hellas Jet,326094
536,Hello,631873
537,Helvetic Airways,300058
538,Hemus Air,181472
539,Hewa Bora Airways,624544
540,Hex'Air,522533
541,Hi Fly,549831
542,Hokkaido International Airlines,408680
543,Hola Airlines,183688
544,Hong Kong Airlines,349144
545,Hong Kong Express Airways,905372
546,Hope Air,615938
547,Horizon Air,883704
548,Horizon Airlines,879493
549,Hacli Saccuritac Helicopter Airlines,168040
550,IBC Airways,150960
551,ICAR Airlines,103745
552,INFINI Travel Information,509814
553,ITA Software,134390
554,Iberia Airlines,195045
555,Iberworld,154450
556,Ibex Airlines,607224
557,Icelandair,342722
558,Imair Airlines,713073
559,Independence Air,402590
560,IndiGo Airlines,141568
561,Indian Airlines,637967
562,Indigo,877187
563,Indonesia AirAsia,438293
564,Indonesian Airlines,334812
565,InteliJet Airways,582559
566,Inter Islands Airlines,742161
567,Interair South Africa,807146
568,Interavia Airlines,431772
569,Intercontinental de Aviaci,934382
570,Interlink Airlines,620647
571,International Business Air,353971
572,Intersky,377689
573,Interstate Airline,547748
574,Iran Air,196292
575,Iran Aseman Airlines,670373
576,Iraqi Airways,314926
577,Island Airlines,603267
578,Island Express,890299
579,Cargo Plus Aviation,586601
580,Islands Nationair,630399
581,Islas Airways,717033
582,Islena De Inversiones,359373
583,Israir,421377
584,Itali Airlines,664334
585,Itek Air,314677
586,Izair,755194
587,JAL Express,793924
588,JALways,386090
589,JSC Transport Automated Information Systems,709040
590,Japan Airlines,924947
591,Japan Airlines Domestic,330928
592,Japan Asia Airways,880220
593,Japan Transocean Air,928761
594,Jat Airways,806718
595,Jatayu Airlines,206826
596,Jazeera Airways,997511
597,Jeju Air,800960
598,Jet Airways,141949
599,Jet Airways,832211
600,Jetclub,802789
601,Jetstar Asia Airways,778720
602,Jet2.com,820825
603,Jet4You,642412
604,JetBlue Airways,875576
605,Jetairfly,244367
606,Jetclub,159163
607,JetsGo,887652
608,Jetstar Airways,752411
609,Jett8 Airlines Cargo,295076
610,Jetx Airlines,545938
611,Jordan Aviation,583489
612,Juneyao Airlines,828332
613,KD Avia,210055
614,KLM Cityhopper,525027
615,KLM Royal Dutch Airlines,246669
616,Kabo Air,650981
617,Kalitta Air,990199
618,Kam Air,106736
619,Kampuchea Airlines,391309
620,Karat,378289
621,Kavminvodyavia,665970
622,Kenmore Air,613210
623,Kenya Airways,543016
624,Keystone Air Services,831913
625,Kingfisher Airlines,935655
626,Kish Air,107324
627,Kiwi International Air Lines,341687
628,Kogalymavia Air Company,483571
629,Komiinteravia,868570
630,Korean Air,570046
631,Krasnojarsky Airlines,976021
632,Krylo Airlines,699756
633,Kuban Airlines,743782
634,Kunpeng Airlines,221717
635,Kuwait Airways,637679
636,Kuzu Airlines Cargo,815941
637,Kyrgyz Airlines,826929
638,Kyrgyzstan,792494
639,Kyrgyzstan Airlines,100053
640,Kibris T,237178
641,L.A.B. Flying Service,533306
642,LACSA,525165
643,LAI - Linea Aerea IAACA,545153
644,LAN Airlines,673392
645,LAN Argentina,400578
646,LAN Express,438772
647,LAN Peru,965249
648,LOT Polish Airlines,824994
649,LTE International Airways,164161
650,LTU Austria,242982
651,LTU International,350855
652,Lagun Air,310943
653,Lankair,644346
654,Lao Airlines,272202
655,Laoag International Airlines,904595
656,Lauda Air,239118
657,Lebanese Air Transport,424248
658,Leeward Islands Air Transport,470006
659,Libyan Arab Airlines,813399
660,Linea Aerea SAPSA,141885
661,Linea Aerea de Servicio Ejecutivo Regional,165309
662,Linea Turistica Aerotuy,447379
663,Lineas Aereas Azteca,855327
664,Linhas A,520344
665,Lion Mentari Airlines,457132
666,Livingston,210056
667,Lloyd Aereo Boliviano,719721
668,Luftfahrtgesellschaft Walter,950477
669,Lufthansa,247410
670,Lufthansa Cargo,907870
671,Lufthansa CityLine,106243
672,Lufthansa Systems,447865
673,Lufttaxi Fluggesellschaft,248367
674,Lufttransport,837064
675,Luxair,947779
676,Lviv Airlines,158854
677,Lynden Air Cargo,527972
678,L,270064
679,MasAir,591097
680,MAT Macedonian Airlines,779494
681,MIAT Mongolian Airlines,643291
682,MNG Airlines,771227
683,Macair Airlines,466341
684,Maersk,707470
685,Mahan Air,984297
686,Mahfooz Aviation,449243
687,Malaysia Airlines,511465
688,Malm Aviation,830291
689,Malta Air Charter,633998
690,Mal,643623
691,Mandala Airlines,652471
692,Mandarin Airlines,978901
693,Mango,520397
694,Mars RK,783168
695,Marsland Aviation,336810
696,Martinair,510926
697,Mastertop Linhas Aereas,172464
698,Mavial Magadan Airlines,523420
699,Maxair,490097
700,Maxjet Airways,826030
701,Maya Island Air,105423
702,Menajet,825332
703,Meridiana,517978
704,Merpati Nusantara Airlines,740247
705,Mesa Airlines,826594
706,Mesaba Airlines,750537
707,Mexicana de Aviaci,434491
708,Miami Air International,570879
709,Middle East Airlines,542544
710,Midway Airlines,846174
711,Midwest Airlines,337348
712,Midwest Airlines (Egypt),687778
713,Moldavian Airlines,414957
714,Monarch Airlines,932032
715,Myway Airlines,685233
716,Montenegro Airlines,467255
717,Moskovia Airlines,714915
718,Motor Sich,987265
719,Mount Cook Airlines,859767
720,Mountain Air Company,393254
721,MyTravel Airways,102593
722,Myanma Airways,626862
723,Myanmar Airways International,815699
724,Nantucket Airlines,306621
725,Nas Air,508429
726,Nasair,331474
727,National Airlines,728597
728,National Airlines,916238
729,National Airlines,264126
730,National Airways Cameroon,800140
731,National Jet Systems,171561
732,Nationwide Airlines,316113
733,Nauru Air Corporation,159486
734,Navitaire,795593
735,Nepal Airlines,358578
736,Neos,513673
737,NetJets,966225
738,New England Airlines,339675
739,NextJet,310494
740,Niki,448967
741,Nippon Cargo Airlines,449850
742,Nok Air,443086
743,Nordeste Linhas Aereas Regionais,754659
744,Nordic Regional,672557
745,North Coast Aviation,575654
746,North Flying,545874
747,North-Wright Airways,343321
748,Northern Air Cargo,772093
749,Northern Dene Airways,934870
750,Northwest Airlines,721788
751,Northwest Regional Airlines,480821
752,Northwestern Air,544872
753,Norwegian Air Shuttle,953556
754,Nouvel Air Tunisie,911988
755,Nova Airline,952250
756,Novair,578899
757,Nuevo Continente,751038
758,Nas Air,335535
759,O'Connor Airlines,141523
760,OAG,899213
761,Oasis Hong Kong Airlines,512231
762,Ocean Airlines,487189
763,Oceanair,679348
764,Oceanic Airlines,178745
765,Olympic Airlines,643865
766,Oman Air,702850
767,Omni Air International,396778
768,Omskavia Airline,253222
769,Onur Air,731362
770,Orenburg Airlines,803628
771,Orient Thai Airlines,461191
772,Origin Pacific Airways,550456
773,Ostfriesische Lufttransport,194244
774,Our Airline,794937
775,Overland Airways,764355
776,Ozark Air Lines,959335
777,Ozjet Airlines,585121
778,PAN Air,939792
779,PB Air,308398
780,PLUNA,549470
781,PMTair,258491
782,Pace Airlines,857676
783,Jetstar Pacific,340074
784,Pacific Blue,355388
785,Pacific Coastal Airline,482996
786,Pacific East Asia Cargo Airlines,168975
787,Pacific Southwest Airlines,346304
788,Pacific Wings,403812
789,Pacificair,721213
790,Pakistan International Airlines,474247
791,Palau Trans Pacific Airline,232103
792,Palestinian Airlines,818197
793,Pamir Airways,636702
794,Pan American Airways,563054
795,Pan American World Airways,373888
796,Panafrican Airways,370014
797,Pantanal Linhas Aireas,692708
798,Paramount Airways,558035
799,Pearl Airways,703732
800,Pegasus Airlines,151678
801,Pegasus Hava Tasimaciligi,818655
802,Peninsula Airways,545052
803,Perm Airlines,873205
804,Philippine Airlines,677355
805,Phoenix Airways,867779
806,Phuket Air,668549
807,Piedmont Airlines (1948-1989),762988
808,Pinnacle Airlines,931829
809,Polar Air Cargo,449361
810,Polynesian Airlines,515361
811,Polynesian Blue,381049
812,Polyot Sirena,159027
813,Porter Airlines,172087
814,Portugalia,702960
815,Potomac Air,318554
816,Precision Air,995988
817,President Airlines,590135
818,Primaris Airlines,665689
819,Princess Air,629207
820,Private Wings Flugcharter,850223
821,Proflight Commuter Services,386285
822,Qantas,374257
823,Qatar Airways,861256
824,RACSA,843159
825,Radixx Solutions International,319461
826,Redhill Aviation,588790
827,Reem Air,862102
828,Regional Airlines,899783
829,Regional Express,655940
830,RegionsAir,103058
831,Reno Air,392219
832,Republic Airlines,411822
833,Republic Express Airlines,882822
834,Rico Linhas A,712887
835,Rio Grande Air,299280
836,Rio Sul Servi,367401
837,Rossiya,912175
838,Air Rarotonga,213671
839,Royal Air Force,249888
840,Royal Air Force of Oman,988460
841,Royal Air Maroc,290099
842,Royal Airlines,934172
843,Royal Aruban Airline,691027
844,Royal Brunei Airlines,100205
845,Royal Jordanian,263364
846,Royal Khmer Airlines,324681
847,Royal Nepal Airlines,859352
848,Royal Tongan Airlines,819048
849,Russian Sky Airlines,705928
850,Rwandair Express,186591
851,Ryan International Airlines,503404
852,Ryanair,278958
853,Régional,967678
854,SATA International,528304
855,South African Airways,519925
856,Shaheen Air International,414089
857,SAM Colombia,407729
858,Scandinavian Airlines System,481168
859,S7 Airlines,666397
860,Seaborne Airlines,923399
861,SriLankan Airlines,985017
862,Sun Country Airlines,966234
863,Sky Express,661099
864,Spicejet,893508
865,Sky Eyes,389546
866,SAETA,785418
867,Star Flyer,103885
868,Safair,173782
869,Skagway Air Service,808279
870,SATA Air Acores,724284
871,Scorpio Aviation,976218
872,Singapore Airlines,745576
873,Sibaviatrans,119147
874,Skynet Airlines,682479
875,SITA,656914
876,Sriwijaya Air,490872
877,Sama Airlines,979408
878,Singapore Airlines Cargo,335774
879,Siem Reap Airways,411161
880,Sky Work Airlines,601140
881,Swedline Express,917385
882,South East Asian Airlines,584898
883,SwedJet Airways,265162
884,Skyservice Airlines,513347
885,Servicios de Transportes A,733418
886,Sudan Airways,559908
887,Sun Air (Fiji),456123
888,Sun Air of Scandinavia,892308
889,Saudi Arabian Airlines,525237
890,Southwest Airlines,360505
891,Southern Winds Airlines,276298
892,Sunwing Airlines,583908
893,Swiss International Air Lines,138716
894,Swissair,682745
895,Swe Fly,900816
896,Shovkoviy Shlyah,867769
897,SunExpress,163269
898,Syrian Arab Airlines,812130
899,Skywalk Airlines,715505
900,Silk Way Airlines,711897
901,Samara Airlines,455220
902,Shandong Airlines,232114
903,Spring Airlines,621006
904,Sichuan Airlines,346036
905,Shanghai Airlines,212455
906,Shenzhen Airlines,101164
907,Shanxi Airlines,516377
908,Sun D'Or,929669
909,SkyEurope,609391
910,Sunshine Express Airlines,344312
911,Superior Aviation,744697
912,Spanair,998562
913,San Juan Airlines,456444
914,Sabre Pacific,214727
915,Sabre,756830
916,Sierra Nevada Airlines,998558
917,Siren-Travel,776319
918,Sirena,579069
919,Sky Trek International Airlines,242671
920,Southern Cross Distribution,777508
921,Sutra,738319
922,SNCF,978442
923,Star Equatorial Airlines,638237
924,Spirit Airlines,702832
925,SATENA,547719
926,Slok Air Gambia,327121
927,Sosoliso Airlines,569492
928,Sky Trek International Airlines,317051
929,Skybus Airlines,543858
930,SkyKing Turks and Caicos Airways,519650
931,Santa Barbara Airlines,717493
932,Sky Airline,970522
933,SkyWest,400494
934,Skyways Express,411616
935,Skymark Airlines,245676
936,Sierra National Airlines,835143
937,SilkAir,406276
938,Slovak Airlines,789333
939,Surinam Airways,862745
940,Servant Air,321983
941,Sterling Airlines,533134
942,Skynet Asia Airways,675904
943,Solomon Airlines,859166
944,Saratov Aviation Division,959134
945,Sat Airlines,217372
946,Shuttle America,566159
947,Scat Air,247909
948,Sirin,468972
949,Star Air,640462
950,TAME,874135
951,TAM Brazilian Airlines,349329
952,TAP Portugal,964117
953,Tunisair,518379
954,TNT Airways,871178
955,Tropical Airways,565684
956,Thai Air Cargo,485260
957,Thomas Cook Airlines,290327
958,Thomas Cook Airlines,979272
959,Tandem Aero,306795
960,Teamline Air,926990
961,Transeuropean Airlines,198444
962,Titan Airways,810007
963,Tiger Airways,617641
964,Tiger Airways Australia,716730
965,Thai Airways International,718885
966,Thai AirAsia,388768
967,Turkish Airlines,377656
968,Twin Jet,536737
969,Thai Sky Airlines,315960
970,Tulip Air,485540
971,Trans Mediterranean Airlines,472406
972,Tri-MG Intra Asia Airlines,790456
973,Tiara Air,824227
974,Tobruk Air,458039
975,Tol-Air Services,947322
976,Thomsonfly,292315
977,Tropic Air,253344
978,Tower Air,341708
979,TAMPA,422376
980,TransAsia Airways,957653
981,Transavia Holland,965398
982,TACV,195437
983,TransMeridian Airlines,403638
984,Transmile Air Services,790637
985,Trast Aero,924877
986,Transwest Air,992453
987,Transaero Airlines,891229
988,Thai Star Airlines,586132
989,Turkmenistan Airlines,148637
990,Tuninter,712458
991,Tavrey Airlines,581749
992,Travel Service,136763
993,Trans World Airlines,248045
994,Transaviaexport,980124
995,TUIfly Nordic,102154
996,TAAG Angola Airlines,195171
997,Tassili Airlines,708438
998,TAM Mercosur,146223
999,Trans States Airlines,123029
1000,Travelsky Technology,103325
1001,Thalys,165985
1002,Open Skies Consultative Commission,580134
1003,Tarom,923217
1004,Turan Air,211090
1005,TRIP Linhas A,492626
1006,Transports et Travaux A,465658
1007,USA3000 Airlines,492899
1008,United Airlines,139595
1009,United Feeder Service,384248
1010,USA Jet Airlines,885872
1011,Ural Airlines,655561
1012,UM Airlines,436496
1013,Ukrainian Cargo Airways,333947
1014,United Parcel Service,206309
1015,US Airways,631036
1016,UTair Aviation,960581
1017,Uzbekistan Airways,376347
1018,Ukraine International Airlines,272566
1019,US Helicopter Corporation,986071
1020,V Australia Airlines,944434
1021,Valuair,185615
1022,Voyageur Airways,277184
1023,Vietnam Airlines,915830
1024,VIM Airlines,630462
1025,VIA Rail Canada,325499
1026,Viasa,358475
1027,Volaris,914730
1028,Volga-Dnepr Airlines,408587
1029,Virgin America,467864
1030,Virgin Express,794549
1031,Virgin Nigeria Airways,946476
1032,Virgin Atlantic Airways,418087
1033,Viva Macau,507073
1034,Volare Airlines,126762
1035,Vueling Airlines,596259
1036,Vladivostok Air,609813
1037,Varig Log,740203
1038,Viaggio Air,275028
1039,Virgin Australia,664423
1040,Virgin Blue,108314
1041,VRG Linhas Aereas,644651
1042,VASP,751871
1043,VLM Airlines,427108
1044,Wayraper,757166
1045,WebJet Linhas A,301539
1046,Welcome Air,284602
1047,West Air Sweden,129839
1048,West Coast Air,666529
1049,WestJet,598168
1050,Western Airlines,599774
1051,Westward Airways,225946
1052,Wider Air,495901
1053,Wind Jet,849119
1054,Wings Air,491574
1055,Wings of Alaska,777381
1056,Wizz Air,950063
1057,Wizz Air Hungary,751466
1058,World Airways,476408
1059,Worldspan,612246
1060,Wright Air Service,148268
1061,XL Airways France,334658
1062,Xiamen Airlines,381087
1063,Xtra Airways,687083
1064,Yamal Airlines,781079
1065,Yangtze River Express,617827
1066,Yemenia,710956
1067,Zambian Airways,132612
1068,Zip,690897
1069,Zimex Aviation,948181
1070,Zoom Airlines,590297
1071,buzz,997402
1072,Maldivian Air Taxi,507997
1073,Yellow Air Taxi,680306
1074,Royal Air Cambodge,577641
1075,Air Mandalay,650106
1076,TAN-SAHSA,312860
1077,Air Busan,621475
1078,TUI Airlines Belgium,348613
1079,Sky Express,732873
1080,Braathens,650748
1081,Globus,101707
1082,Air Kazakhstan,949596
1083,Japan Air System,475388
1084,Annsett New Zealand (NZA),378392
1085,EasyJet (DS),531912
1086,Star Peru (2I),854446
1087,Carnival Air Lines,432713
1088,United Airways,469914
1089,Trans Maldivian Airways,548941
1090,Fly540,454718
1091,Transavia France,738125
1092,Island Air (WP),731522
1093,1-2-go,493414
1094,Uni Air,994870
1095,Gomelavia,173323
1096,Red Wings,742382
1097,Felix Airways,466319
1098,Kostromskie avialinii,248362
1099,Greenfly,793988
1100,Tajik Air,867282
1101,Air Mozambique,844292
1102,Gabon Airlines,663561
1103,Maldivo Airlines,783081
1104,Virgin Pacific,819700
1105,Zest Air,393955
1106,Yangon Airways,831730
1107,Transport Arien TransrAcgional,634364
1108,Minerva Airlines,681699
1109,Eastar Jet,168924
1110,Jin Air,784878
1111,Aacris (Priv),780082
1112,Air Arabia Maroc,618346
1113,Baltic Air lines,746549
1114,Ciel Canadien,157257
1115,Canadian National Airways,233654
1116,Epic Holiday,828753
1117,Air Comet Chile,576600
1118,Voronezhskie Airlanes,100094
1119,Line Blue,449547
1120,Blue Sky America,693234
1121,Texas Spirit,720701
1122,Illinois Airways,486938
1123,Salzburg arrows,784512
1124,Texas Wings,133937
1125,California Western,808754
1126,Dennis Sky,782626
1127,Zz,864672
1128,Atifly,835480
1129,Air UK,415225
1130,Suckling Airways,713430
1131,Reno Sky,573900
1132,Birmingham European,652393
1133,Pal airlines,542115
1134,CanXpress,922357
1135,Danube Wings (V5),439959
1136,Sharp Airlines,257073
1137,CanXplorer,577125
1138,Click (Mexicana),897605
1139,World Experience Airline,260189
1140,ALAK,391726
1141,AJT Air International,104932
1142,Air Choice One,367213
1143,China United,200813
1144,Locair,847586
1145,Safi Airlines,853508
1146,SeaPort Airlines,899735
1147,Salmon Air,904415
1148,Fly Illi,909815
1149,Star1 Airlines,147111
1150,Pelita,676984
1151,Alpi Eagles (E8),373976
1152,Alaska Seaplane Service,765979
1153,TAN,547826
1154,MexicanaLink,152767
1155,Island Spirit,975048
1156,TACA Peru,453714
1157,Pan Am World Airways Dominicana,296674
1158,Primera Air,245710
1159,Air Antilles Express,159676
1160,Regional Paraguaya,161887
1161,VIP Ecuador,302866
1162,Peruvian Airlines,644011
1163,Polar Airlines,529473
1164,Catovair,859239
1165,Halcyonair,617527
1166,Business Aviation,732037
1167,Compagnie Africaine d'Aviation,379110
1168,Zambia Skyways,373770
1169,AlMasria Universal Airlines,744438
1170,SmartLynx Airlines,745614
1171,KoralBlue Airlines,431461
1172,Elysian Airlines,602472
1173,Hellenic Imperial Airways,995013
1174,Amsterdam Airlines,145173
1175,Arik Niger,952036
1176,Dana Air,478217
1177,STP Airways,962541
1178,Med Airways,266069
1179,Skyjet Airlines,576684
1180,Air Volga,249231
1181,Royal Falcon,358020
1182,Euroline,761071
1183,Worldways,788783
1184,Athens Airways,113184
1185,Viking Hellas,194749
1186,Starline.kz,511461
1187,Euro Harmony,686685
1188,Lugansk Airlines,639936
1189,Gryphon Airlines,399309
1190,Gadair European Airlines,851154
1191,Spirit of Manila Airlines,909341
1192,Chongqing Airlines,275605
1193,West Air China,372169
1194,Falcon Air (IH),533706
1195,QatXpress,337631
1196,OneChina,763467
1197,NordStar Airlines,582519
1198,Joy Air,241576
1199,Air India Regional,510254
1200,MDLR Airlines,136241
1201,Maldivian,628251
1202,Xpressair,306731
1203,Strategic Airlines,366553
1204,Al-Naser Airlines,741608
1205,Fuji Dream Airlines,457065
1206,SGA Airlines,330486
1207,Air2there,903932
1208,Avianova (Russia),820232
1209,Parmiss Airlines (IPV),758566
1210,EuropeSky,329426
1211,BRAZIL AIR,933884
1212,Homer Air,278693
1213,Flitestar,495405
1214,PanAm World Airways,264509
1215,Virginwings,982353
1216,KSY,823733
1217,Buquebus Líneas Aéreas,958363
1218,SOCHI AIR,566106
1219,Wizz Air Ukraine,834631
1220,LCM AIRLINES,377387
1221,Aero Brazil,598977
1222,Cambodia Angkor Air (K6),441271
1223,Skyline nepc,223393
1224,THREE,597935
1225,Azul,188090
1226,LSM Airlines,130202
1227,LionXpress,962094
1228,Nik Airways,821332
1229,Genesis,662909
1230,Congo Express,397774
1231,Fly Dubai,208298
1232,Domenican Airlines,849347
1233,Air Atlantic,325886
1234,Air Ops,119224
1235,Aereonautica militare,608393
1236,LSM AIRLINES ,857162
1237,Aero Lloyd (YP),542362
1238,UTair-Express,606080
1239,Huaxia,922890
1240,Zabaykalskii Airlines,648906
1241,Marysya Airlines,983487
1242,N1,301089
1243,Airlink (SAA),734797
1244,JobAir,983619
1245,Zuliana de Aviacion,793098
1246,Black Stallion Airways,340685
1247,German International Air Lines,225879
1248,TrasBrasil,587186
1249,TransBrasil Airlines,918403
1250,China SSS,360541
1251,Nihon.jet,854012
1252,Transportes Aireos Nacionales de Selva,168920
1253,Air Mekong,112244
1254,Harbour Air (Priv),808112
1255,Air Hamburg (AHO),193801
1256,ZABAIKAL AIRLINES,840003
1257,TransHolding,116159
1258,Yeti Airways,653625
1259,Yellowstone Club Private Shuttle,439132
1260,Caucasus Airlines,930012
1261,Serbian Airlines,654023
1262,Windward Islands Airways,938282
1263,TransHolding System,813108
1264,CCML Airlines,527512
1265,Air Charter International,954234
1266,Fly Brasil,895328
1267,CB Airways UK ( Interliging Flights ),260652
1268,Fly Colombia ( Interliging Flights ),445662
1269,Trans Pas Air,114191
1270,KMV,256568
1271,Himalayan Airlines,751514
1272,Indya Airline Group,888375
1273,Sunwing,999317
1274,Japan Regio,677333
1275,Norte Lineas Aereas,363552
1276,Austral Brasil,311843
1277,PEGASUS AIRLINES-,742556
1278,AirLibert,127213
1279,Camair-co,914748
1280,Aerocontinente (Priv),459534
1281,Sky Regional,840094
1282,TUR Avrupa Hava Yollar,940482
1283,LSM International ,381298
1284,Baikotovitchestrian Airlines ,450231
1285,Luchsh Airlines ,151434
1286,Zimbabwean Airlines,931627
1287,Air Cargo Germany,939650
1288,Mongolian International Air Lines ,627913
1289,Alaniya Airlines,777846
1290,Tway Airlines,923331
1291,Papillon Grand Canyon Helicopters,484442
1292,Jusur airways,727753
1293,NEXT Brasil,704376
1294,AeroWorld ,484479
1295,Cook Island Air,777574
1296,US Africa Airways,418412
1297,GNB Linhas Aereas,998407
1298,Usa Sky Cargo,975985
1299,Hankook Airline,872853
1300,Red Jet America,952705
1301,REDjet,649124
1302,Hellenic Airways,587520
1303,Red Jet Andes,443411
1304,Red Jet Canada,373536
1305,Red Jet Mexico,581364
1306,Marusya Airways,684905
1307,Era Alaska,789939
1308,AirRussia,120140
1309,Hankook Air US,807968
1310,NEPC Airlines,814932
1311,I-Fly,592166
1312,T.A.T,614840
1313,Alinord,653692
1314,Pacific Express,941120
1315,VickJet,172230
1316,BVI Airways,635946
1317,Salsa d Haiti,399581
1318,Zambezi Airlines (ZMA),968233
1319,Polet Airlines (Priv),898645
1320,TROPICAL LINHAS AEREAS,517922
1321,Mauritania Airlines International,953035
1322,MAT Airways,434035
1323,Asian Wings Airways,333851
1324,Air Arabia Egypt,272272
1325,Alitalia Cityliner,565390
1326,Orchid Airlines,145984
1327,Asia Wings,595209
1328,Skywest Australia,363035
1329,Nile Air,347909
1330,Senegal Airlines,551870
1331,Fly 6ix,241912
1332,Starbow Airlines,927371
1333,Copenhagen Express,868728
1334,BusinessAir,259075
1335,SENIC AIRLINES,322713
1336,Sky Wing Pacific,972547
1337,Air Indus,782477
1338,AirOne Polska,611867
1339,Peach Aviation,366530
1340,Aviabus,191899
1341,Michael Airlines,815517
1342,Korongo Airlines,205287
1343,Indonesia Sky,316703
1344,Pelangi ,969457
1345,Aws express,220231
1346,Air Cape,279046
1347,Iberia Express,790455
1348,Interjet (ABC Aerolineas),826016
1349,AirOnix,943328
1350,Nordic Global Airlines,649792
1351,Scoot,923508
1352,Starling Airlines Spain,802736
1353,Hi Fly (5K),116777
1354,China Northwest Airlines (WH),155222
1355,Zenith International Airline,802837
1356,Orbit Airlines Azerbaijan,684186
1357,Air Alps Aviation (A6),419830
1358,Patriot Airways,357747
1359,Vision Airlines (V2),210575
1360,Chicago Express (C8),831961
1361,BQB Lineas Aereas,346957
1362,Yellowtail,735277
1363,Royal Airways,576223
1364,FlyHigh Airlines Ireland (FH),373638
1365,Aero VIP (2D),690407
1366,Yangon Airways Ltd.,881928
1367,T.J. Air,662737
1368,SkyWork Airlines ,682356
1369,ValueJet,810893
1370,Maastricht Airlines,170933
1371,CheapFlyingInternational,508286
1372,Aviaexpresscruise,320579
1373,HQ- Business Express,377603
1374,Royal Southern Airlines.,789017
1375,SOCHI AIR CHATER,513096
1376,Denim Air ,941643
1377,WestAir,107126
1378,WestAir Airlines,857554
1379,WestAir Airlines ,598016
1380,North Pacific Airlines,160567
1381,Malindo Air,362579
1382,Tramm Airlines,327563
