CR2,Canadair Regional Jet 100,170
100,Fokker 100,280
141,BAe 146-100 Pax,260
142,BAe 146-200 Pax,220
143,BAe 146-300 Pax,180
146,BAe 146 all pax models,220
310,Airbus A310 all pax models,340
313,Airbus A310-300 pax,260
318,Airbus A318,340
319,Airbus A319,290
320,Airbus A320-100/200,180
321,Airbus A321-100/200,240
330,Airbus A330 all models,320
332,Airbus A330-200,230
333,Airbus A330-300,290
340,Airbus A340 all models,290
342,Airbus A340-200,220
343,Airbus A340-300,220
345,Airbus A340-500,290
346,Airbus A340-600,290
380,Airbus A380 pax,220
388,Airbus A380 pax,350
717,Boeing 717,220
722,Boeing 727-200 pax,190
727,Boeing 727 all pax models,180
732,Boeing 737-200 pax,230
733,Boeing 737-300 pax,270
734,Boeing 737-400 pax,290
735,Boeing 737-500 pax,160
736,Boeing 737-600 pax,310
737,Boeing 737 all pax models,200
738,Boeing 737-800 pax,260
739,Boeing 737-900 pax,240
743,Boeing 747-300 pax,350
744,Boeing 747-400 pax,260
747,Boeing 747 all pax models,310
752,Boeing 757-200 pax,170
753,Boeing 757-300 pax,190
757,Boeing 757 all pax models,310
762,Boeing 767-200 pax,270
763,Boeing 767-300 pax,230
764,Boeing 767-400 pax,260
767,Boeing 767 all pax models,180
772,Boeing 777-200 pax,250
773,Boeing 777-300 pax,220
777,Boeing 777 all pax models,190
787,Boeing 777 all pax models,280
788,Boeing 777 all pax models,260
32A,Airbus A310-300 Freighter,310
32D,Airbus A310-300 Freighter,190
32S,Airbus A310-300 Freighter,300
72S,Boeing 727 Combi,180
73C,Boeing 727-200 Freighter,310
73G,Boeing 737 all Freighter models,170
73H,Boeing 737-700 pax,330
73J,Boeing 737-800 (winglets) pax,170
73M,Boeing 737-800 (winglets) pax,330
73Q,Boeing 737-200 Combi,290
73W,Boeing 737-200 Combi,200
74E,Boeing 747-300 Combi,330
74H,Boeing 747 all Freighter models,320
74L,Boeing 747-400 (Domestic) pax,350
74M,Boeing 747SP,340
75T,Boeing 757 Mixed Configuration,250
75W,Boeing 757 Mixed Configuration,250
76W,Boeing 767 all Freighter models,350
77L,Boeing 767-300 Freighter,200
77W,Boeing 767-300 Freighter,340
A26,Boeing 767-300 Freighter,200
A40,Antonov AN-32,250
A81,Antonov AN-124 Ruslan,210
AB3,Antonov AN-124 Ruslan,200
AB4,Airbus Industrie A300 pax,300
AB6,Airbus Industrie A300B2/B4/C4 pax,260
AN4,Ayres LM-200 Loadmaster,200
AR1,Eurocopter (Aerospatiale) SA330 Puma / AS332 Super Puma n/a,340
AR8,Avro RJ70 Avroliner,160
ARJ,Avro RJ85 Avroliner,320
AT4,Avro RJX85 / RJX100,340
AT5,Aerospatiale/Alenia ATR 42-300 / 320,250
AT7,Aerospatiale/Alenia ATR 42-500,280
ATP,Aerospatiale/Alenia ATR 72,170
ATR,British Aerospace ATP,290
BE1,Boeing 720B pax,320
BE9,Beechcraft twin piston engines,190
BEC,Beechcraft twin piston engines,260
BEH,Beechcraft light aircraft,240
BH2,Beechcraft light aircraft - twin turboprop engine,300
BNI,Bell Helicopters,150
BNT,Pilatus Britten-Norman BN-2A/B Islander,250
CN1,Canadair CL-44,330
CN2,Cessna light aircraft - single piston engine,330
CNA,Cessna light aircraft - twin piston engines,190
CNC,Cessna light aircraft,250
CNJ,Cessna light aircraft - single turboprop engine,270
CNT,Cessna Citation,210
CR7,Canadair Regional Jet 200,200
CR9,Canadair Regional Jet 700,160
CRA,Canadair Regional Jet 900,170
CRJ,Canadair Regional Jet 900,210
CRK,Canadair Regional Jet,260
D1C,Douglas DC-10-10/15 pax,300
D28,Douglas DC-10-30 / 40 Freighters,190
D38,Fairchild Dornier Do.228,260
D93,Douglas DC-9-20 pax,220
D95,Douglas DC-9-40 pax,300
DC9,Douglas DC-8 all pax models,190
DH1,Dassault (Breguet Mystere) Falcon,240
DH2,De Havilland Canada DHC-8-100 Dash 8 / 8Q,300
DH3,De Havilland Canada DHC-8-200 Dash 8 / 8Q,330
DH4,De Havilland Canada DHC-8-300 Dash 8 / 8Q,300
DH7,De Havilland Canada DHC-8-400 Dash 8Q,310
DH8,De Havilland Canada DHC-7 Dash 7,250
DHC,De Havilland Canada DHC-2 Beaver / Turbo Beaver,230
DHL,De Havilland DH.114 Heron,160
DHP,De Havilland Canada DHC-3 Otter / Turbo Otter,320
DHT,De Havilland Canada DHC-3 Otter,190
E70,De Havilland Canada DHC-6 Twin Otter,250
E75,Embraer 170,330
E90,Embraer 170,250
E95,Embraer 190,350
EM2,Embraer 190,160
EMB,Embraer EMB.120 Brasilia,270
EMJ,Embraer EMB.110 Bandeirnate,180
ER3,Embraer 170/190,280
ER4,Embraer RJ135,230
ERD,Embraer RJ145 Amazon,200
ERJ,Embraer RJ140,280
F28,Fokker F.27 Friendship / Fairchild F.27,160
F50,Fokker F.28 Fellowship,300
F70,Fokker 50,160
FRJ,Fairchild FH.227,210
HS7,Hovercraft,230
I14,Hawker Siddeley HS.748,210
IL9,Ilyushin IL18,310
J31,Ilyushin IL86,210
J32,British Aerospace Jetstream 31,210
J41,British Aerospace Jetstream 32,150
L4T,Lockheed L-1049 Super Constellation,350
M11,Gates Learjet,260
M80,McDonnell Douglas MD11 Mixed Configuration,310
M81,McDonnell Douglas MD80,350
M82,McDonnell Douglas MD81,310
M83,McDonnell Douglas MD82,280
M87,McDonnell Douglas MD83,170
M88,McDonnell Douglas MD87,230
M90,McDonnell Douglas MD88,200
MA6,McDonnell Douglas MD90,310
NDE,Aerospatiale SN.601 Corvette,320
PA2,Piper light aircraft - single piston engine,310
PAG,Piper light aircraft - twin piston engines,290
PL2,Piper light aircraft - twin turboprop engines,340
S20,Partenavia P.68,340
SF3,Partenavia P.68,320
SFB,Partenavia P.68,170
SH3,Partenavia P.68,320
SH6,Partenavia P.68,250
SU9,Partenavia P.68,170
SWM,Partenavia P.68,210
T20,Partenavia P.68,160
TU3,Partenavia P.68,280
TU5,Partenavia P.68,250
YK2,Partenavia P.68,350
YK4,Partenavia P.68,320
YN2,Partenavia P.68,350
YN7,Partenavia P.68,250
