1,1Time Airline,1T,South Africa,Y
2,40-Mile Air,Q5,United States,Y
3,Ansett Australia,AN,Australia,Y
4,Abacus International,1B,Singapore,Y
5,Abelag Aviation,W9,Belgium,N
6,Aigle Azur,ZI,France,Y
7,Aloha Airlines,AQ,United States,Y
8,American Airlines,AA,United States,Y
9,Asiana Airlines,OZ,Republic of Korea,Y
10,Askari Aviation,4K,Pakistan,Y
11,Afriqiyah Airways,8U,Libya,Y
12,Afrinat International Airlines,Q9,Gambia,N
13,Allegiant Air,G4,United States,Y
14,Aban Air,K5,Iran,N
15,ABSA - Aerolinhas Brasileiras,M3,Brazil,Y
16,Airborne Express,GB,United States,N
17,ABX Air,GB,United States,N
18,Astral Aviation,8V,Kenya,Y
19,Aero Asia International,E4,Pakistan,N
20,Air Togo,YT,Togo,N
21,Advance Leasing Company,4G,United States,N
22,Aztec Worldwide Airlines,7A,United States,N
23,Air Tindi,8T,Canadian Territories,Y
24,Ada Air,ZY,Albania,Y
25,ADC Airlines,Z7,Nigeria,N
26,Adria Airways,JP,Slovenia,Y
27,Air Europa,UX,Spain,Y
28,Aero Benin,EM,Benin,Y
29,Aegean Airlines,A3,Greece,Y
30,Air Atlantique,KI,United Kingdom,N
31,Air Europe,PE,Italy,Y
32,Alaska Central Express,KO,United States,Y
33,Astraeus,5W,United Kingdom,Y
34,Aerosvit Airlines,VV,Ukraine,Y
35,Air Italy,I9,Italy,Y
36,American Falcon,WK,Argentina,N
37,Alliance Airlines,QQ,Australia,N
38,Ariana Afghan Airlines,FG,Afghanistan,Y
39,Aeroflot Russian Airlines,SU,Russia,Y
40,Air Bosna,JA,Bosnia and Herzegovina,Y
41,Air France,AF,France,Y
42,Air Caledonie International,SB,France,Y
43,Air Gabon,GN,Gabon,N
44,Air Salone,2O,Sierra Leone,Y
45,Air Cargo Carriers,2Q,United States,Y
46,Air Senegal International,V7,Senegal,N
47,Air Namibia,SW,Namibia,Y
48,Air Service Gabon,G8,Gabon,N
49,Aerolitoral,5D,Mexico,N
50,Amadeus Global Travel Distribution,1A,Spain,N
51,Air Glaciers,7T,Switzerland,N
52,Aeroper,PL,Peru,Y
53,Atlas Blue,8A,Morocco,Y
54,Air Alpha Greenland,GD,Denmark,N
55,Air Hong Kong,LD,Hong Kong,N
56,Aeromist-Kharkiv,HT,Ukraine,N
57,Azerbaijan Airlines,J2,Azerbaijan,Y
58,Avies,U3,Estonia,Y
59,Airbus Industrie,AP,France,N
60,Alpine Air Express,5A,United States,N
61,Airblue,ED,Pakistan,Y
62,Air Berlin,AB,Germany,Y
63,Air Contractors,AG,Ireland,N
64,Air India Limited,AI,India,Y
65,Air Bourbon,ZB,Reunion,Y
66,Air Atlanta Icelandic,CC,Iceland,Y
67,Air Srpska,RB,Bosnia and Herzegovina,N
68,Air Tahiti Nui,TN,France,Y
69,Aero Services Executive,W4,France,N
70,Arkia Israel Airlines,IZ,Israel,Y
71,Air Jamaica,JM,Jamaica,Y
72,Air One,AP,Italy,Y
73,Air Sahara,S2,India,Y
74,Air Malta,KM,Malta,Y
75,Amerijet International,M6,United States,N
76,Air Japan,NQ,Japan,Y
77,Air Kiribati,4A,Kiribati,Y
78,Air Nippon Network Co. Ltd.,EH,Japan,N
79,America West Airlines,HP,United States,N
80,Air Wisconsin,ZW,United States,Y
81,Tatarstan Airlines,U9,Russia,Y
82,Air Libert,VD,France,Y
83,Air Lithuania,TT,Lithuania,N
84,Air Malawi,QM,Malawi,Y
85,Air Sicilia,BM,Italy,Y
86,Air Macau,NX,Macao,Y
87,Air Midwest,ZV,United States,N
88,Air Seychelles,HM,Seychelles,Y
89,AeroMéxico,AM,Mexico,Y
90,All Nippon Airways,NH,Japan,Y
91,Air Nostrum,YW,Spain,Y
92,Air Niugini,PX,Papua New Guinea,Y
93,Air Arabia,G9,United Arab Emirates,Y
94,Air Canada,AC,Canada,Y
95,Air Baltic,BT,Latvia,Y
96,Air Nippon,EL,Japan,Y
97,Airnorth,TL,Australia,Y
98,Air North Charter - Canada,4N,Canada,Y
99,AOM French Airlines,IW,France,N
100,Air New Zealand,NZ,New Zealand,Y
101,AVCOM,J6,Russia,N
102,Aero VIP,2D,Argentina,N
103,Air Vegas,6V,United States,N
104,Alitalia Express,XM,Italy,Y
105,Asia Overnight Express,OE,Philippines,N
106,Aero Flight,GV,Germany,Y
107,Arrow Air,JW,United States,Y
108,Arik Air,W3,Nigeria,N
109,Aerocondor,2B,Portugal,Y
110,Aires,4C, S.A.,Y
111,Aerolineas Argentinas,AR,Argentina,Y
112,Air Armenia,QN,Armenia,N
113,Alaska Airlines,AS,ALASKA,Y
114,Air Sinai,4D,Egypt,Y
115,Airstars,PL,Russia,N
116,Atlantic Southeast Airlines,EV,United States,Y
117,Astrakhan Airlines,OB,Russia,Y
118,Air Tanzania,TC,Tanzania,Y
119,Air Burkina,2J,Burkina Faso,Y
120,Aero-Tropics Air Services,HC,Australia,N
121,Airlines Of Tasmania,FO,Australia,Y
122,Air Saint Pierre,PJ,France,Y
123,Air Transport International,8C,United States,N
124,Austrian Airlines,OS,Austria,Y
125,Augsburg Airways,IQ,Germany,Y
126,AirBridge Cargo,RU,Russia,N
127,Abu Dhabi Amiri Flight,MO,United Arab Emirates,Y
128,Aeroflot-Nord,5N,Russia,Y
129,Aurigny Air Services,GR,United Kingdom,Y
130,Aus-Air,NO,Australia,N
131,Austral Lineas Aereas,AU,Argentina,Y
132,Australian Airlines,AO,Australia,N
133,Avianca - Aerovias Nacionales de Colombia,AV,AVIANCA,Y
134,Air Vanuatu,NF,Vanuatu,Y
135,Airlink Zambia,K8,Zambia,N
136,Air Bangladesh,B9,Bangladesh,Y
137,Air Mediterranee,DR,France,Y
138,Aeroline GmbH,7E,Germany,Y
139,Air Wales,6G,United Kingdom,Y
140,Air Caraïbes,TX,France,Y
141,Air India Express,IX,India,Y
142,Asian Express Airlines,HJ,Australia,N
143,Air Exel,XT,Netherlands,Y
144,AirAsia,AK,Malaysia,Y
145,Axis Airways,6V,France,N
146,Atlant-Soyuz Airlines,3G,Russia,Y
147,Alitalia,AZ,Italy,Y
148,Arcus-Air Logistic,ZE,Germany,N
149,Amaszonas,Z8,Bolivia,Y
150,Air Zimbabwe,UM,Zimbabwe,Y
151,Aserca Airlines,R7,Venezuela,Y
152,Rossiya-Russian Airlines,FV,Russia,Y
153,Aviaexpress,RX,Hungary,N
154,American Eagle Airlines,MQ,United States,Y
155,Airshop,FF,Netherlands,N
156,African Transport Trading and Investment Company,ML,Sudan,N
157,Air Ivoire,VU,Ivory Coast,Y
158,Air Botswana,BP,Botswana,Y
159,Air Foyle,GS,United Kingdom,Y
160,Air Tahiti,VT,French Polynesia,Y
161,Air Urga,3N,Ukraine,N
162,Air VIA,VL,Bulgaria,Y
163,Africa West,FK,Togo,Y
164,Avirex,G2,Gabon,N
165,ATRAN Cargo Airlines,V8,Russian Federation,Y
166,Avensa,VE,Venezuela,N
167,Avolar Aerolineas,V5,Mexico,N
168,Air China,CA,China,Y
169,Aero Condor Peru,Q6,Peru,Y
170,Arctic Circle Air Service,5F,United States,N
171,Air Corridor,QC,Mozambique,N
172,Air Central,NV,Japan,N
173,Air Chathams,CV,New Zealand,N
174,Air Marshall Islands,CW,Marshall Islands,Y
175,Access Air,ZA,United States,N
176,Air Algerie,AH,Algeria,Y
177,Adam Air,KI,Indonesia,N
178,Astar Air Cargo,ER,United States,N
179,Antinea Airlines,HO,Algeria,N
180,Air Dolomiti,EN,Italy,Y
181,Aeroflot-Don,D9,Russia,Y
182,Air Madrid,NM,Spain,N
183,Aero Airlines,EE,Estonia,N
184,Air City,4F,Germany,N
185,Aer Lingus,EI,Ireland,Y
186,Alpi Eagles,E8,Italy,N
187,Air S,KY,Air S,N
188,Air Fiji,PC,Fiji,N
189,Air Finland,OF,Finland,N
190,Air Pacific,FJ,Fiji,Y
191,Atlantic Airways,RC,Faroe Islands,Y
192,Air Florida,QH,United States,Y
193,Air Iceland,NY,Iceland,Y
194,Air Philippines,2P,Philippines,Y
195,Air Georgian,ZX,Canada,N
196,Air Guinee Express,2U,Guinea,Y
197,Amber Air,0A,Lithuania,N
198,Air Georgia,DA,Georgia,N
199,Air Greenland,GL,Denmark,Y
200,Allegro,LL,Mexico,N
201,Atlas Air,5Y,United States,Y
202,Air Guyane,GG,French Guiana,N
203,Air D'Ayiti,H9,Haiti,N
204,Air Comores International,GG,Comoros,N
205,Air Horizon,8C,Togo,N
206,Air Bagan,W9,Myanmar,Y
207,Atyrau Air Ways,IP,Kazakhstan,N
208,Air Canada Jazz,QK,Canada,Y
209,Atlasjet,KK,Turkey,Y
210,Air Koryo,JS,Democratic People's Republic of Korea,Y
211,Air Astana,KC,Kazakhstan,Y
212,Albanian Airlines,LV,Albania,Y
213,Alidaunia,D4,Italy,N
214,Alliance Air,CD,India,N
215,Aerolane,XL,Ecuador,Y
216,Air Alps Aviation,A6,Austria,N
217,Atlantis European Airways,TD,Armenia,Y
218,Air Luxor GB,L8,Guinea-Bissau,N
219,Air Luxor,LK,Portugal,Y
220,Air Mauritius,MK,Mauritius,Y
221,Air Madagascar,MD,Madagascar,Y
222,Air Moldova,9U,Moldova,Y
223,Aero Mongolia,M0,Mongolia,N
224,Air Plus Comet,A7,Spain,Y
225,Aeromexpress,QO,Mexico,N
226,Air Mauritanie,MR,Mauritania,N
227,Aeroland Airways,3S,Greece,N
228,Astair,8D,Russian Federation,Y
229,Albarka Air,F4,Nigeria,N
230,Aero Contractors,AJ,Nigeria,Y
231,Air Burundi,8Y,Burundi,N
232,Aeropelican Air Services,OT,Australia,Y
233,Air Paradise International,AD,Indonesia,N
234,Air Class Lineas Aereas,QD,Uruguay,N
235,African Safari Airways,QS,Kenya,N
236,Airbus France,4Y,France,N
237,Air Mobility Command,MC,United States,N
238,Aer Arann,RE,Ireland,Y
239,Air Austral,UU,France,Y
240,Asian Spirit,6K,Philippines,Y
241,Air Afrique,RK,Ivory Coast,N
242,Airlinair,A5,France,Y
243,Aero Lanka,QL,Sri Lanka,Y
244,Armenian International Airways,MV,Armenia,N
245,Armavia,U8,Armenia,Y
246,Aeromar,BQ,Dominican Republic,N
247,AeroRep,P5,Colombia,Y
248,Aero-Service,BF,Republic of the Congo,Y
249,Aerosur,5L,Bolivia,Y
250,Air Santo Domingo,EX,Dominican Republic,N
251,Aero California,JR,Mexico,N
252,Avient Aviation,Z3,Zimbabwe,Y
253,Air Service,M3,Macedonia,N
254,Air Slovakia,GM,Slovakia,N
255,Aircompany Yakutia,R3,Russia,Y
256,Aeromar,VW,Mexico,Y
257,Air Turks and Caicos,JY,Turks and Caicos Islands,N
258,Arkefly,OR,Netherlands,Y
259,Airlines PNG,CG,Papua New Guinea,Y
260,Air Cal,TY,France,N
261,AirTran Airways,FL,United States,Y
262,Air Transat,TS,Canada,Y
263,Avialeasing Aviation Company,EC,Uzbekistan,Y
264,Austrian Arrows,VO,Austria,Y
265,Aero-Charter Ukraine,DW,Ukraine,N
266,Air Ukraine,6U,Ukraine,N
267,Aerolineas Galapagos (Aerogal),2K,Ecuador,Y
268,Alrosa Mirny Air Enterprise,6R,Russia,Y
269,Baker Aviation,8Q,United States,N
270,British Airways,BA,United Kingdom,Y
271,Biman Bangladesh Airlines,BG,Bangladesh,Y
272,Bluebird Cargo,BF,Iceland,N
273,BACH Flugbetriebsges,B4,Austria,N
274,Blue Dart Aviation,BZ,India,N
275,B&H Airlines,JA,Bosnia and Herzegovina,N
276,Buffalo Airways,J4,Canada,N
277,Benin Golf Air,A8,Benin,N
278,Belair Airlines,4T,Switzerland,Y
279,Bahamasair,UP,Bahamas,Y
280,Bringer Air Cargo Taxi Aereo,E6,Brazil,N
281,Balkan Bulgarian Airlines,LZ,,Y
282,BA Connect,TH,United Kingdom,N
283,British International Helicopters,BS,United Kingdom,Y
284,Bankair,B4,United States,N
285,Bangkok Airways,PG,Thailand,Y
286,Blue1,KF,Finland,Y
287,Bearskin Lake Air Service,JV,Canada,Y
288,Bellview Airlines,B3,Nigeria,Y
289,bmi,BD,United Kingdom,Y
290,bmibaby,WW,United Kingdom,Y
291,Bemidji Airlines,CH,United States,Y
292,Bismillah Airlines,5Z,Bangladesh,N
293,Bouraq Indonesia Airlines,BO,Indonesia,N
294,Blue Panorama Airlines,BV,Italy,Y
295,BRA-Transportes Aereos,7R,Brazil,N
296,Bering Air,8E,United States,Y
297,Belavia Belarusian Airlines,B2,Belarus,Y
298,Bravo Air Congo,K6,Democratic Republic of the Congo,N
299,Braniff International Airways,BN,United States,N
300,Big Sky Airlines,GQ,United States,N
301,BAL Bashkirian Airlines,V9,Russia,N
302,Metro Batavia,7P,Indonesia,Y
303,Berjaya Air,J8,Malaysia,Y
304,Blue Wings,QW,Germany,Y
305,BAX Global,8W,,N
306,Bayu Indonesia Air,BM,Indonesia,N
307,Brit Air,DB,France,Y
308,Boston-Maine Airways,E9,United States,N
309,Brussels Airlines,SN,Belgium,Y
310,Binter Canarias,NT,Spain,Y
311,Blue Air,0B,Romania,Y
312,British Mediterranean Airways,KJ,United Kingdom,Y
313,Bulgaria Air,FB,Bulgaria,Y
314,Barents AirLink,8N,Sweden,Y
315,CAL Cargo Air Lines,5C,Israel,Y
316,CHC Airways,AW,Netherlands,N
317,Calima Aviacion,XG,Spain,Y
318,Calm Air,MO,Canada,N
319,Camai Air,R9,United States,N
320,Cameroon Airlines,UY,Cameroon,N
321,CanJet,C6,Canada,N
322,Canadian Airlines,CP,Canada,Y
323,Canadian North,5T,Canada,Y
324,Canadian Western Airlines,W2,Canada,N
325,Cape Air,9K,United States,Y
326,Capital Cargo International Airlines,PT,United States,N
327,Cargo 360,GG,United States,N
328,Cargoitalia,2G,Italy,N
329,Cargojet Airways,W8,Canada,N
330,Cargolux,CV,Luxembourg,N
331,Caribbean Airlines,BW,Trinidad and Tobago,Y
332,Caribbean Star Airlines,8B,Antigua and Barbuda,N
333,Carpatair,V3,Romania,Y
334,Caspian Airlines,RV,Iran,Y
335,Cathay Pacific,CX,Hong Kong SAR of China,Y
336,Cayman Airways,KX,Cayman Islands,Y
337,Cebu Pacific,5J,Philippines,Y
338,Centavia,7N,Serbia,N
339,Centralwings,C0,Poland,Y
340,Centre-Avia,J7,Russia,N
341,Centurion Air Cargo,WE,United States,N
342,Chalk's Ocean Airways,OP,United States,N
343,Champion Air,MG,United States,N
344,Changan Airlines,2Z,China,N
345,Chari Aviation Services,S8,Chad,N
346,Chautauqua Airlines,RP,United States,Y
347,Chicago Express,C8,United States,N
348,China Airlines,CI,Taiwan,Y
349,China Cargo Airlines,CK,China,N
350,China Eastern Airlines,MU,China,Y
351,China Northern Airlines,CJ,China,N
352,China Northwest Airlines,WH,China,N
353,China Postal Airlines,8Y,China,N
354,China Southern Airlines,CZ,China,Y
355,China United Airlines,HR,China,Y
356,China Xinhua Airlines,XO,China,N
357,Yunnan Airlines,3Q,China,Y
358,Chitaavia,X7,Russia,N
359,Cielos Airlines,A2,Peru,N
360,Cimber Air,QI,Denmark,Y
361,Cirrus Airlines,C9,Germany,Y
362,City Airline,CF,Sweden,Y
363,City Connexion Airlines,G3,Burundi,Y
364,CityJet,WX,Ireland,Y
365,BA CityFlyer,CJ,United Kingdom,N
366,Civil Air Transport,CT,Taiwan,N
367,Club Air,6P,Italy,N
368,Coast Air,BX,Norway,N
369,Coastal Air,DQ,United States,Y
370,Colgan Air,9L,United States,Y
371,Comair,OH,United States,N
372,Comair,MN,South Africa,Y
373,CommutAir,C5,United States,Y
374,Comores Airlines,KR,Comoros,Y
375,Compania Mexicargo,GJ,Mexico,N
376,Compass Airlines,CP,United States,N
377,Condor Flugdienst,DE,Germany,Y
378,Consorcio Aviaxsa,6A,Mexico,Y
379,Contact Air,C3,Germany,N
380,Continental Airlines,CO,United States,N
381,Continental Airways,PC,Russia,N
382,Continental Express,CO,United States,N
383,Continental Micronesia,CS,United States,Y
384,Conviasa,V0,Venezuela,Y
385,Copa Airlines,CM,Panama,Y
386,Corsairfly,SS,France,Y
387,Corse-Mediterranee,XK,France,Y
388,Cosmic Air,F5,Nepal,N
389,Croatia Airlines,OU,Croatia,Y
390,Crossair Europe,QE,Switzerland,N
391,Cubana de Aviación,CU,Cuba,Y
392,Cyprus Airways,CY,Cyprus,Y
393,Cyprus Turkish Airlines,YK,Turkey,Y
394,Czech Airlines,OK,Czech Republic,Y
395,DAS Air Cargo,WD,Uganda,N
396,DAT Danish Air Transport,DX,Denmark,Y
397,DHL International,ES,Bahrain,N
398,DHL de Guatemala,L3,Guatemala,N
399,Daallo Airlines,D3,Djibouti,Y
400,Dagestan Airlines,N2,Russia,N
401,Dalavia,H8,Russia,Y
402,Darwin Airline,0D,Switzerland,Y
403,Dauair,D5,Germany,N
404,Delta Air Lines,DL,United States,Y
405,Deutsche Bahn,2A,Germany,Y
406,Deutsche Rettungsflugwacht,1I,Germany,N
407,Dinar,D7,Argentina,N
408,Dirgantara Air Service,AW,Indonesia,N
409,Discovery Airways,DH,United States,N
410,Djibouti Airlines,D8,Djibouti,Y
411,Dominicana de Aviaci,DO,Dominican Republic,Y
412,Domodedovo Airlines,E3,Russia,Y
413,DonbassAero,5D,Ukraine,N
414,Dragonair,KA,DRAGON,Y
415,Druk Air,KB,Bhutan,Y
416,dba,DI,Germany,Y
417,Electronic Data Systems,1C,Switzerland,N
418,EUjet,VE,Ireland,N
419,EVA Air,BR,Taiwan,Y
420,Eagle Air,H7,Uganda,Y
421,East African,QU,Uganda,Y
422,East African Safari Air,S9,Kenya,N
423,Eastern Airways,T3,United Kingdom,Y
424,Eastland Air,DK,Australia,Y
425,Eastwind Airlines,W9,United States,N
426,Edelweiss Air,WK,Switzerland,N
427,Egyptair,MS,Egypt,Y
428,El Al Israel Airlines,LY,Israel,Y
429,El-Buraq Air Transport,UZ,Libya,Y
430,Emirates,EK,United Arab Emirates,Y
431,Empire Airlines,EM,United States,N
432,Empresa Ecuatoriana De Aviacion,EU,Ecuador,Y
433,Enkor JSC,G8,Russia,N
434,Eos Airlines,E0,United States,N
435,Eritrean Airlines,B8,Eritrea,Y
436,Estafeta Carga Aerea,E7,Mexico,N
437,Estonian Air,OV,Estonia,Y
438,Ethiopian Airlines,ET,Ethiopia,Y
439,Etihad Airways,EY,United Arab Emirates,Y
440,Euro Exec Express,RZ,Sweden,Y
441,EuroAtlantic Airways,MM,Portugal,N
442,Eurocypria Airlines,UI,Cyprus,Y
443,Eurofly Service,GJ,Italy,N
444,Eurolot,K2,Poland,Y
445,Euromanx Airways,3W,Austria,N
446,European Air Express,EA,Germany,Y
447,European Air Transport,QY,Belgium,N
448,European Aviation Air Charter,E7,United Kingdom,N
449,Eurowings,EW,Germany,Y
450,Evergreen International Airlines,EZ,United States,N
451,Excel Airways,JN,United Kingdom,Y
452,Execair Aviation,MB,Canada,N
453,Executive Airlines,OW,United States,N
454,Expo Aviation,8D,Sri Lanka,N
455,Express One International,EO,United States,Y
456,ExpressJet,XE,United States,Y
457,easyJet,U2,United Kingdom,Y
458,Falcon Aviation,IH,Sweden,N
459,Far Eastern Air Transport,EF,Taiwan,Y
460,Faroejet,F6,Faroe Islands,N
461,Faso Airways,F3,Burkina Faso,N
462,Federal Express,FX,United States,N
463,Fika Salaama Airlines,N8,Uganda,N
464,Finalair Congo,4S,Republic of the Congo,N
465,Finnair,AY,Finland,Y
466,Finncomm Airlines,FC,Finland,Y
467,Firefly,FY,Malaysia,Y
468,First Air,7F,Canada,Y
469,First Choice Airways,DP,United Kingdom,Y
470,Fischer Air,8F,Czech Republic,N
471,Flightline,B5,United Kingdom,Y
472,Florida Coastal Airlines,PA,United States,N
473,Florida West International Airways,RF,United States,Y
474,Fly Air,F2,Turkey,N
475,Fly Me Sweden,SH,Sweden,N
476,AirAsia X,D7,Malaysia,Y
477,FlyLal,TE,Lithuania,Y
478,FlyNordic,LF,Sweden,Y
479,Flybaboo,F7,Switzerland,Y
480,Flybe,BE,United Kingdom,Y
481,Flyglobespan,B4,United Kingdom,N
482,Formosa Airlines,VY,Taiwan,Y
483,Forward Air International Airlines,BN,United States,N
484,Four Star Aviation / Four Star Cargo,HK,United States,N
485,Freedom Air,FP,United States,Y
486,Frontier Airlines,F9,United States,Y
487,Frontier Flying Service,2F,United States,Y
488,Futura International Airways,FH,Spain,N
489,GB Airways,GT,United Kingdom,Y
490,Galaxy Air,7O,Kyrgyzstan,N
491,Galileo International,1G,United States,N
492,Gambia International Airlines,GC,Gambia,N
493,Gandalf Airlines,G7,Italy,N
494,Garuda Indonesia,GA,Indonesia,Y
495,Gazpromavia,4G,Russia,Y
496,Gemini Air Cargo,GR,United States,N
497,Georgian Airways,A9,Georgia,Y
498,Georgian National Airlines,QB,Georgia,Y
499,Germania,ST,Germany,Y
500,Germanwings,4U,Germany,Y
501,Gestair,GP,Spain,N
502,Ghana International Airlines,G0,Ghana,Y
503,Go Air,G8,India,Y
504,Go One Airways,GK,United Kingdom,N
505,GoJet Airlines,G7,United States,N
506,Gol Transportes Aéreos,G3,Brazil,N
507,Golden Air,DC,Sweden,Y
508,Gorkha Airlines,G1,Nepal,N
509,Grant Aviation,GS,United States,N
510,Great Lakes Airlines,ZK,United States,Y
511,Great Wall Airlines,IJ,China,N
512,Grupo TACA,TA,Costa Rica,Y
513,Guine Bissaur Airlines,G6,Guinea-Bissau,N
514,Guinee Airlines,J9,Guinea,N
515,Gujarat Airways,G8,India,N
516,Gulf Air Bahrain,GF,Bahrain,Y
517,Guyana Airways 2000,GY,,N
518,Hageland Aviation Services,H6,United States,Y
519,Hahn Air,HR,Germany,N
520,Hainan Airlines,HU,China,Y
521,Hainan Phoenix Information Systems,1R,China,N
522,Haiti Ambassador Airlines,2T,Haiti,Y
523,Hamburg International,4R,Germany,Y
524,TUIfly,X3,Germany,Y
525,Hapagfly,HF,Germany,Y
526,Harbor Airlines,HB,United States,N
527,Harmony Airways,HQ,Canada,N
528,Hawaiian Airlines,HA,United States,Y
529,Hawaiian Pacific Airlines,HP,United States,N
530,Hawkair,BH,Canada,Y
531,Heavylift Cargo Airlines,HN,Australia,N
532,Heli France,8H,France,Y
533,Helijet,JB,Canada,Y
534,Helios Airways,ZU,Cyprus,N
535,Hellas Jet,T4,Greece,Y
536,Hello,HW,Switzerland,Y
537,Helvetic Airways,2L,Switzerland,Y
538,Hemus Air,DU,Bulgaria,N
539,Hewa Bora Airways,EO,Democratic Republic of the Congo,N
540,Hex'Air,UD,France,Y
541,Hi Fly,5K,Portugal,N
542,Hokkaido International Airlines,HD,Japan,Y
543,Hola Airlines,H5,Spain,N
544,Hong Kong Airlines,HX,Hong Kong SAR of China,Y
545,Hong Kong Express Airways,UO,Hong Kong SAR of China,Y
546,Hope Air,HH,Canada,N
547,Horizon Air,QX,United States,Y
548,Horizon Airlines,BN,Australia,N
549,Hacli Saccuritac Helicopter Airlines,H4,France,N
550,IBC Airways,II,United States,N
551,ICAR Airlines,C3,Ukraine,N
552,INFINI Travel Information,1F,Japan,N
553,ITA Software,1U,United States,N
554,Iberia Airlines,IB,Spain,Y
555,Iberworld,TY,Spain,Y
556,Ibex Airlines,FW,Japan,Y
557,Icelandair,FI,Iceland,Y
558,Imair Airlines,IK,Azerbaijan,Y
559,Independence Air,DH,United States,N
560,IndiGo Airlines,6E,India,Y
561,Indian Airlines,IC,India,Y
562,Indigo,I9,United States,N
563,Indonesia AirAsia,QZ,Indonesia,Y
564,Indonesian Airlines,IO,Indonesia,Y
565,InteliJet Airways,IJ,Colombia,N
566,Inter Islands Airlines,H4,Cape Verde,N
567,Interair South Africa,D6,South Africa,Y
568,Interavia Airlines,ZA,Russia,N
569,Intercontinental de Aviaci,RS,Colombia,N
570,Interlink Airlines,ID,South Africa,Y
571,International Business Air,6I,Sweden,N
572,Intersky,3L,Austria,Y
573,Interstate Airline,I4,Netherlands,N
574,Iran Air,IR,Iran,Y
575,Iran Aseman Airlines,EP,Iran,Y
576,Iraqi Airways,IA,Iraq,Y
577,Island Airlines,IS,United States,Y
578,Island Express,2S,United States,N
579,Cargo Plus Aviation,8L,United Arab Emirates,Y
580,Islands Nationair,CN,Papua New Guinea,N
581,Islas Airways,IF,Spain,Y
582,Islena De Inversiones,WC,Honduras,Y
583,Israir,6H,Israel,Y
584,Itali Airlines,9X,Italy,N
585,Itek Air,GI,Kyrgyzstan,Y
586,Izair,H9,Turkey,N
587,JAL Express,JC,Japan,Y
588,JALways,JO,Japan,Y
589,JSC Transport Automated Information Systems,1M,Russia,N
590,Japan Airlines,JL,Japan,Y
591,Japan Airlines Domestic,JL,Japan,N
592,Japan Asia Airways,EG,Japan,Y
593,Japan Transocean Air,NU,Japan,Y
594,Jat Airways,JU,Serbia,Y
595,Jatayu Airlines,VJ,Indonesia,N
596,Jazeera Airways,J9,Kuwait,Y
597,Jeju Air,7C,Republic of Korea,Y
598,Jet Airways,9W,India,Y
599,Jet Airways,QJ,United States,N
600,Jetclub,0J,Switzerland,N
601,Jetstar Asia Airways,3K,Singapore,Y
602,Jet2.com,LS,United Kingdom,Y
603,Jet4You,8J,Morocco,N
604,JetBlue Airways,B6,United States,Y
605,Jetairfly,JF,Belgium,N
606,Jetclub,0J,Switzerland,N
607,JetsGo,SG,Canada,N
608,Jetstar Airways,JQ,Australia,Y
609,Jett8 Airlines Cargo,JX,Singapore,N
610,Jetx Airlines,GX,Iceland,N
611,Jordan Aviation,R5,Jordan,N
612,Juneyao Airlines,HO,China,Y
613,KD Avia,KD,Russia,Y
614,KLM Cityhopper,WA,Netherlands,N
615,KLM Royal Dutch Airlines,KL,Netherlands,Y
616,Kabo Air,N2,Nigeria,N
617,Kalitta Air,K4,United States,N
618,Kam Air,RQ,Afghanistan,Y
619,Kampuchea Airlines,E2,Cambodia,N
620,Karat,V2,Russia,N
621,Kavminvodyavia,KV,Russia,Y
622,Kenmore Air,M5,United States,Y
623,Kenya Airways,KQ,Kenya,Y
624,Keystone Air Services,BZ,Canada,N
625,Kingfisher Airlines,IT,India,Y
626,Kish Air,Y9,Iran,Y
627,Kiwi International Air Lines,KP,United States,N
628,Kogalymavia Air Company,7K,Russia,Y
629,Komiinteravia,8J,Russia,N
630,Korean Air,KE,Republic of Korea,Y
631,Krasnojarsky Airlines,7B,Russia,Y
632,Krylo Airlines,K9,Russia,N
633,Kuban Airlines,GW,Russia,Y
634,Kunpeng Airlines,VD,China,N
635,Kuwait Airways,KU,Kuwait,Y
636,Kuzu Airlines Cargo,GO,Turkey,Y
637,Kyrgyz Airlines,N5,Kyrgyzstan,N
638,Kyrgyzstan,QH,Kyrgyzstan,N
639,Kyrgyzstan Airlines,R8,Kyrgyzstan,N
640,Kibris T,KY,Turkey,N
641,L.A.B. Flying Service,JF,United States,N
642,LACSA,LR,Costa Rica,Y
643,LAI - Linea Aerea IAACA,KG,Venezuela,N
644,LAN Airlines,LA,Chile,Y
645,LAN Argentina,4M,Argentina,Y
646,LAN Express,LU,Chile,Y
647,LAN Peru,LP,Peru,Y
648,LOT Polish Airlines,LO,Poland,Y
649,LTE International Airways,XO,Spain,N
650,LTU Austria,L3,Austria,N
651,LTU International,LT,Germany,Y
652,Lagun Air,N6,Spain,N
653,Lankair,IK,Sri Lanka,N
654,Lao Airlines,QV,Lao Peoples Democratic Republic,Y
655,Laoag International Airlines,L7,Philippines,N
656,Lauda Air,NG,Austria,Y
657,Lebanese Air Transport,LQ,Lebanon,N
658,Leeward Islands Air Transport,LI,Antigua and Barbuda,Y
659,Libyan Arab Airlines,LN,Libya,Y
660,Linea Aerea SAPSA,L7,Chile,N
661,Linea Aerea de Servicio Ejecutivo Regional,8z,Venezuela,N
662,Linea Turistica Aerotuy,LD,Venezuela,N
663,Lineas Aereas Azteca,ZE,Mexico,N
664,Linhas A,LM,Mozambique,N
665,Lion Mentari Airlines,JT,Indonesia,Y
666,Livingston,LM,Italy,N
667,Lloyd Aereo Boliviano,LB,Bolivia,N
668,Luftfahrtgesellschaft Walter,HE,Germany,Y
669,Lufthansa,LH,Germany,Y
670,Lufthansa Cargo,LH,Germany,N
671,Lufthansa CityLine,CL,Germany,Y
672,Lufthansa Systems,L1,Germany,N
673,Lufttaxi Fluggesellschaft,DV,Germany,N
674,Lufttransport,L5,Norway,Y
675,Luxair,LG,Luxembourg,Y
676,Lviv Airlines,5V,Ukraine,N
677,Lynden Air Cargo,L2,United States,N
678,L,MJ,Argentina,Y
679,MasAir,M7,Mexico,Y
680,MAT Macedonian Airlines,IN,Macedonia,Y
681,MIAT Mongolian Airlines,OM,Mongolia,Y
682,MNG Airlines,MB,Turkey,N
683,Macair Airlines,CC,Australia,N
684,Maersk,DM,Denmark,Y
685,Mahan Air,W5,Iran,Y
686,Mahfooz Aviation,M2,Gambia,N
687,Malaysia Airlines,MH,Malaysia,Y
688,Malm Aviation,TF,Sweden,Y
689,Malta Air Charter,R5,Malta,N
690,Mal,MA,Hungary,Y
691,Mandala Airlines,RI,Indonesia,Y
692,Mandarin Airlines,AE,Taiwan,Y
693,Mango,JE,South Africa,Y
694,Mars RK,6V,Ukraine,N
695,Marsland Aviation,M7,Sudan,N
696,Martinair,MP,Netherlands,Y
697,Mastertop Linhas Aereas,Q4,Brazil,N
698,Mavial Magadan Airlines,H5,Russia,N
699,Maxair,8M,Sweden,Y
700,Maxjet Airways,MY,United States,N
701,Maya Island Air,MW,Belize,Y
702,Menajet,IM,Lebanon,N
703,Meridiana,IG,Italy,Y
704,Merpati Nusantara Airlines,MZ,Indonesia,Y
705,Mesa Airlines,YV,United States,Y
706,Mesaba Airlines,XJ,United States,Y
707,Mexicana de Aviaci,MX,Mexico,Y
708,Miami Air International,GL,United States,N
709,Middle East Airlines,ME,Lebanon,Y
710,Midway Airlines,JI,United States,Y
711,Midwest Airlines,YX,United States,Y
712,Midwest Airlines (Egypt),MY,Egypt,Y
713,Moldavian Airlines,2M,Moldova,Y
714,Monarch Airlines,ZB,United Kingdom,N
715,Myway Airlines,8I,Italy,Y
716,Montenegro Airlines,YM,Montenegro,Y
717,Moskovia Airlines,3R,Russia,Y
718,Motor Sich,M9,Ukraine,Y
719,Mount Cook Airlines,NM,New Zealand,N
720,Mountain Air Company,N4,Sierra Leone,N
721,MyTravel Airways,VZ,United Kingdom,Y
722,Myanma Airways,UB,Myanmar,Y
723,Myanmar Airways International,8M,Myanmar,N
724,Nantucket Airlines,DV,United States,N
725,Nas Air,P9,Mali,N
726,Nasair,UE,Eritrea,Y
727,National Airlines,N4,Chile,N
728,National Airlines,N7,United States,Y
729,National Airlines,NA,United States,N
730,National Airways Cameroon,9O,Cameroon,N
731,National Jet Systems,NC,Australia,N
732,Nationwide Airlines,CE,South Africa,Y
733,Nauru Air Corporation,ON,Nauru,Y
734,Navitaire,1N,United States,N
735,Nepal Airlines,RA,Nepal,Y
736,Neos,NO,Italy,N
737,NetJets,1I,United States,N
738,New England Airlines,EJ,United States,Y
739,NextJet,2N,Sweden,Y
740,Niki,HG,Austria,Y
741,Nippon Cargo Airlines,KZ,Japan,N
742,Nok Air,DD,Thailand,Y
743,Nordeste Linhas Aereas Regionais,JH,Brazil,N
744,Nordic Regional,6N,Sweden,N
745,North Coast Aviation,N9,Papua New Guinea,N
746,North Flying,M3,Denmark,N
747,North-Wright Airways,HW,Canada,N
748,Northern Air Cargo,NC,United States,N
749,Northern Dene Airways,U7,Canada,Y
750,Northwest Airlines,NW,United States,Y
751,Northwest Regional Airlines,FY,Australia,N
752,Northwestern Air,J3,Canada,Y
753,Norwegian Air Shuttle,DY,Norway,Y
754,Nouvel Air Tunisie,BJ,Tunisia,Y
755,Nova Airline,M4,Sudan,N
756,Novair,1I,Sweden,N
757,Nuevo Continente,N6,Peru,N
758,Nas Air,XY,Saudi Arabia,Y
759,O'Connor Airlines,UQ,Australia,N
760,OAG,CR,United Kingdom,N
761,Oasis Hong Kong Airlines,O8,Hong Kong,Y
762,Ocean Airlines,VC,Italy,N
763,Oceanair,O6,Brazil,Y
764,Oceanic Airlines,O2,Guinea,Y
765,Olympic Airlines,OA,Greece,Y
766,Oman Air,WY,Oman,Y
767,Omni Air International,OY,United States,Y
768,Omskavia Airline,N3,Russia,N
769,Onur Air,8Q,Turkey,Y
770,Orenburg Airlines,R2,Russia,Y
771,Orient Thai Airlines,OX,Thailand,Y
772,Origin Pacific Airways,QO,New Zealand,N
773,Ostfriesische Lufttransport,OL,Germany,Y
774,Our Airline,ON,Nauru,N
775,Overland Airways,OJ,Nigeria,Y
776,Ozark Air Lines,OZ,United States,N
777,Ozjet Airlines,O7,Australia,Y
778,PAN Air,PV,Spain,Y
779,PB Air,9Q,Thailand,Y
780,PLUNA,PU,Uruguay,Y
781,PMTair,U4,Cambodia,Y
782,Pace Airlines,Y5,United States,N
783,Jetstar Pacific,BL,Vietnam,Y
784,Pacific Blue,DJ,New Zealand,N
785,Pacific Coastal Airline,8P,Canada,Y
786,Pacific East Asia Cargo Airlines,Q8,Philippines,Y
787,Pacific Southwest Airlines,PS,United States,N
788,Pacific Wings,LW,United States,Y
789,Pacificair,GX,Philippines,N
790,Pakistan International Airlines,PK,Pakistan,Y
791,Palau Trans Pacific Airline,GP,Palau,N
792,Palestinian Airlines,PF,Egypt,N
793,Pamir Airways,NR,Afghanistan,N
794,Pan American Airways,PA,United States,N
795,Pan American World Airways,PA,United States,N
796,Panafrican Airways,PQ,Ivory Coast,N
797,Pantanal Linhas Aireas,P8,Brazil,N
798,Paramount Airways,I7,India,Y
799,Pearl Airways,HP,Haiti,N
800,Pegasus Airlines,PC,Turkey,Y
801,Pegasus Hava Tasimaciligi,1I,Turkey,N
802,Peninsula Airways,KS,United States,Y
803,Perm Airlines,P9,Russia,N
804,Philippine Airlines,PR,Philippines,Y
805,Phoenix Airways,HP,Switzerland,N
806,Phuket Air,9R,Thailand,N
807,Piedmont Airlines (1948-1989),PI,United States,N
808,Pinnacle Airlines,9E,United States,Y
809,Polar Air Cargo,PO,United States,N
810,Polynesian Airlines,PH,Samoa,Y
811,Polynesian Blue,DJ,New Zealand,N
812,Polyot Sirena,1U,Russia,N
813,Porter Airlines,PD,Canada,Y
814,Portugalia,NI,Portugal,Y
815,Potomac Air,BK,United States,Y
816,Precision Air,PW,Tanzania,Y
817,President Airlines,TO,Cambodia,N
818,Primaris Airlines,FE,United States,N
819,Princess Air,8Q,,N
820,Private Wings Flugcharter,8W,Germany,N
821,Proflight Commuter Services,P0,Zambia,Y
822,Qantas,QF,Australia,Y
823,Qatar Airways,QR,Qatar,Y
824,RACSA,R6,Guatemala,Y
825,Radixx Solutions International,1D,United States,N
826,Redhill Aviation,8L,United Kingdom,N
827,Reem Air,V4,Kyrgyzstan,N
828,Regional Airlines,FN,Morocco,Y
829,Regional Express,ZL,Australia,Y
830,RegionsAir,3C,United States,N
831,Reno Air,QQ,United States,N
832,Republic Airlines,RW,United States,Y
833,Republic Express Airlines,RH,Indonesia,Y
834,Rico Linhas A,C7,Brazil,N
835,Rio Grande Air,E2,United States,N
836,Rio Sul Servi,SL,Brazil,N
837,Rossiya,R4,Russia,Y
838,Air Rarotonga,GZ,Cook Islands,Y
839,Royal Air Force,RR,United Kingdom,N
840,Royal Air Force of Oman,RS,Oman,N
841,Royal Air Maroc,AT,Morocco,Y
842,Royal Airlines,R0,Pakistan,N
843,Royal Aruban Airline,V5,Aruba,N
844,Royal Brunei Airlines,BI,Brunei,Y
845,Royal Jordanian,RJ,Jordan,Y
846,Royal Khmer Airlines,RK,Cambodia,N
847,Royal Nepal Airlines,RA,Nepal,N
848,Royal Tongan Airlines,WR,Tonga,N
849,Russian Sky Airlines,P7,Russia,N
850,Rwandair Express,WB,Rwanda,Y
851,Ryan International Airlines,RD,United States,Y
852,Ryanair,FR,Ireland,Y
853,Régional,YS,France,Y
854,SATA International,S4,Portugal,Y
855,South African Airways,SA,South Africa,Y
856,Shaheen Air International,NL,Pakistan,Y
857,SAM Colombia,MM,Colombia,N
858,Scandinavian Airlines System,SK,Sweden,Y
859,S7 Airlines,S7,Russia,Y
860,Seaborne Airlines,BB,United States,Y
861,SriLankan Airlines,UL,Sri Lanka,Y
862,Sun Country Airlines,SY,United States,Y
863,Sky Express,G3,Greece,N
864,Spicejet,SG,India,Y
865,Sky Eyes,I6,Thailand,N
866,SAETA,EH,Ecuador,N
867,Star Flyer,7G,Japan,Y
868,Safair,FA,South Africa,N
869,Skagway Air Service,N5,United States,N
870,SATA Air Acores,SP,Portugal,Y
871,Scorpio Aviation,8S,,N
872,Singapore Airlines,SQ,Singapore,Y
873,Sibaviatrans,5M,Russia,Y
874,Skynet Airlines,SI,Ireland,Y
875,SITA,XS,Belgium,N
876,Sriwijaya Air,SJ,Indonesia,Y
877,Sama Airlines,ZS,Saudi Arabia,Y
878,Singapore Airlines Cargo,SQ,Singapore,N
879,Siem Reap Airways,FT,Cambodia,Y
880,Sky Work Airlines,SX,Switzerland,N
881,Swedline Express,SM,Sweden,N
882,South East Asian Airlines,DG,Philippines,Y
883,SwedJet Airways,VD,Sweden,N
884,Skyservice Airlines,5G,Canada,Y
885,Servicios de Transportes A,FS,Argentina,Y
886,Sudan Airways,SD,Sudan,Y
887,Sun Air (Fiji),PI,Fiji,N
888,Sun Air of Scandinavia,EZ,Denmark,N
889,Saudi Arabian Airlines,SV,Saudi Arabia,Y
890,Southwest Airlines,WN,United States,Y
891,Southern Winds Airlines,A4,Argentina,Y
892,Sunwing Airlines,WG,Canada,N
893,Swiss International Air Lines,LX,Switzerland,Y
894,Swissair,SR,Switzerland,Y
895,Swe Fly,WV,Sweden,Y
896,Shovkoviy Shlyah,S8,Ukraine,N
897,SunExpress,XQ,Turkey,Y
898,Syrian Arab Airlines,RB,Syrian Arab Republic,Y
899,Skywalk Airlines,AL,United States,N
900,Silk Way Airlines,ZP,Azerbaijan,N
901,Samara Airlines,E5,Russia,N
902,Shandong Airlines,SC,China,Y
903,Spring Airlines,9S,China,Y
904,Sichuan Airlines,3U,China,Y
905,Shanghai Airlines,FM,China,Y
906,Shenzhen Airlines,ZH,China,Y
907,Shanxi Airlines,8C,China,N
908,Sun D'Or,7L,Israel,Y
909,SkyEurope,NE,Slovakia,Y
910,Sunshine Express Airlines,CQ,Australia,N
911,Superior Aviation,SO,United States,N
912,Spanair,JK,Spain,Y
913,San Juan Airlines,2G,United States,N
914,Sabre Pacific,1Z,Australia,N
915,Sabre,1S,United States,N
916,Sierra Nevada Airlines,1I,United States,N
917,Siren-Travel,1H,Russia,N
918,Sirena,1Q,Russia,N
919,Sky Trek International Airlines,1I,,N
920,Southern Cross Distribution,1K,Australia,N
921,Sutra,1K,United States,N
922,SNCF,2C,France,N
923,Star Equatorial Airlines,2S,Guinea,N
924,Spirit Airlines,NK,United States,Y
925,SATENA,9R,Colombia,Y
926,Slok Air Gambia,S0,Gambia,N
927,Sosoliso Airlines,SO,Nigeria,N
928,Sky Trek International Airlines,1I,United States,N
929,Skybus Airlines,SX,United States,N
930,SkyKing Turks and Caicos Airways,RU,Turks and Caicos Islands,N
931,Santa Barbara Airlines,S3,Venezuela,Y
932,Sky Airline,H2,Chile,Y
933,SkyWest,OO,United States,Y
934,Skyways Express,JZ,Sweden,Y
935,Skymark Airlines,BC,Japan,Y
936,Sierra National Airlines,LJ,Sierra Leone,N
937,SilkAir,MI,Singapore,Y
938,Slovak Airlines,6Q,Slovakia,N
939,Surinam Airways,PY,Suriname,Y
940,Servant Air,8D,United States,N
941,Sterling Airlines,NB,Denmark,Y
942,Skynet Asia Airways,6J,Japan,Y
943,Solomon Airlines,IE,Solomon Islands,Y
944,Saratov Aviation Division,6W,Russia,Y
945,Sat Airlines,HZ,Kazakhstan,Y
946,Shuttle America,S5,United States,Y
947,Scat Air,DV,Kazakhstan,Y
948,Sirin,R1,,N
949,Star Air,S6,Denmark,N
950,TAME,EQ,Ecuador,Y
951,TAM Brazilian Airlines,JJ,Brazil,Y
952,TAP Portugal,TP,Portugal,Y
953,Tunisair,TU,Tunisia,Y
954,TNT Airways,3V,Belgium,N
955,Tropical Airways,M7,Haiti,N
956,Thai Air Cargo,T2,Thailand,Y
957,Thomas Cook Airlines,FQ,Belgium,Y
958,Thomas Cook Airlines,MT,United Kingdom,Y
959,Tandem Aero,TQ,Moldova,N
960,Teamline Air,L9,Austria,N
961,Transeuropean Airlines,UE,Russia,N
962,Titan Airways,ZT,United Kingdom,N
963,Tiger Airways,TR,Singapore,Y
964,Tiger Airways Australia,TT,Australia,Y
965,Thai Airways International,TG,Thailand,Y
966,Thai AirAsia,FD,Thailand,Y
967,Turkish Airlines,TK,Turkey,Y
968,Twin Jet,T7,France,Y
969,Thai Sky Airlines,9I,Thailand,N
970,Tulip Air,TD,Netherland,N
971,Trans Mediterranean Airlines,TL,Lebanon,N
972,Tri-MG Intra Asia Airlines,GY,Indonesia,N
973,Tiara Air,3P,Aruba,Y
974,Tobruk Air,7T,Libya,N
975,Tol-Air Services,TI,United States,N
976,Thomsonfly,BY,United Kingdom,Y
977,Tropic Air,PM,Belize,Y
978,Tower Air,FF,United States,N
979,TAMPA,QT,Colombia,Y
980,TransAsia Airways,GE,Taiwan,Y
981,Transavia Holland,HV,Netherlands,Y
982,TACV,VR,Portugal,Y
983,TransMeridian Airlines,T9,United States,N
984,Transmile Air Services,TH,Malaysia,N
985,Trast Aero,S5,Kyrgyzstan,N
986,Transwest Air,9T,Canada,Y
987,Transaero Airlines,UN,Russia,Y
988,Thai Star Airlines,T9,Thailand,N
989,Turkmenistan Airlines,T5,Turkmenistan,Y
990,Tuninter,UG,Tunisia,Y
991,Tavrey Airlines,T6,Ukraine,N
992,Travel Service,QS,Czech Republic,Y
993,Trans World Airlines,TW,United States,N
994,Transaviaexport,AL,Belarus,N
995,TUIfly Nordic,6B,Sweden,Y
996,TAAG Angola Airlines,DT,Angola,Y
997,Tassili Airlines,SF,Algeria,N
998,TAM Mercosur,PZ,Paraguay,Y
999,Trans States Airlines,AX,United States,Y
1000,Travelsky Technology,1E,China,N
1001,Thalys,2H,Belgium,N
1002,Open Skies Consultative Commission,1L,United States,N
1003,Tarom,RO,Romania,Y
1004,Turan Air,3T,Azerbaijan,Y
1005,TRIP Linhas A,8R,Brazil,Y
1006,Transports et Travaux A,OF,,N
1007,USA3000 Airlines,U5,United States,Y
1008,United Airlines,UA,United States,Y
1009,United Feeder Service,U2,United States,N
1010,USA Jet Airlines,U7,United States,N
1011,Ural Airlines,U6,Russia,Y
1012,UM Airlines,UF,Ukraine,Y
1013,Ukrainian Cargo Airways,6Z,Ukraine,N
1014,United Parcel Service,5X,United States,N
1015,US Airways,US,United States,Y
1016,UTair Aviation,UT,Russia,Y
1017,Uzbekistan Airways,HY,Uzbekistan,Y
1018,Ukraine International Airlines,PS,Ukraine,Y
1019,US Helicopter Corporation,UH,United States,Y
1020,V Australia Airlines,VA,Australia,Y
1021,Valuair,VF,Singapore,Y
1022,Voyageur Airways,VC,Canada,N
1023,Vietnam Airlines,VN,Vietnam,Y
1024,VIM Airlines,NN,Russia,Y
1025,VIA Rail Canada,2R,Canada,N
1026,Viasa,VA,Venezuela,N
1027,Volaris,Y4,Mexico,Y
1028,Volga-Dnepr Airlines,VI,Russia,Y
1029,Virgin America,VX,United States,Y
1030,Virgin Express,TV,Belgium,Y
1031,Virgin Nigeria Airways,VK,Nigeria,Y
1032,Virgin Atlantic Airways,VS,United Kingdom,Y
1033,Viva Macau,ZG,Macao,Y
1034,Volare Airlines,VE,Italy,N
1035,Vueling Airlines,VY,Spain,N
1036,Vladivostok Air,XF,Russia,Y
1037,Varig Log,LC,Brazil,Y
1038,Viaggio Air,VM,Bulgaria,N
1039,Virgin Australia,DJ,Australia,N
1040,Virgin Blue,DJ,Australia,N
1041,VRG Linhas Aereas,RG,Brazil,Y
1042,VASP,VP,Brazil,Y
1043,VLM Airlines,VG,Belgium,Y
1044,Wayraper,7W,Peru,Y
1045,WebJet Linhas A,WJ,Brazil,Y
1046,Welcome Air,2W,Austria,Y
1047,West Air Sweden,PT,Sweden,N
1048,West Coast Air,8O,Canada,Y
1049,WestJet,WS,Canada,Y
1050,Western Airlines,WA,United States,N
1051,Westward Airways,CN,United States,N
1052,Wider Air,WF,Norway,Y
1053,Wind Jet,IV,Italy,Y
1054,Wings Air,IW,Indonesia,N
1055,Wings of Alaska,K5,United States,N
1056,Wizz Air,W6,Hungary,Y
1057,Wizz Air Hungary,8Z,Bulgaria,N
1058,World Airways,WO,United States,Y
1059,Worldspan,1P,United States,N
1060,Wright Air Service,8V,United States,N
1061,XL Airways France,SE,France,Y
1062,Xiamen Airlines,MF,China,Y
1063,Xtra Airways,XP,United States,N
1064,Yamal Airlines,YL,Russia,Y
1065,Yangtze River Express,Y8,China,N
1066,Yemenia,IY,Yemen,Y
1067,Zambian Airways,Q3,Zambia,N
1068,Zip,3J,Canada,N
1069,Zimex Aviation,C4,Switzerland,N
1070,Zoom Airlines,Z4,Canada,Y
1071,buzz,UK,,N
1072,Maldivian Air Taxi,8Q,Maldives,N
1073,Yellow Air Taxi,Y0,United States,N
1074,Royal Air Cambodge,VJ,Cambodia,Y
1075,Air Mandalay,6T,Burma,Y
1076,TAN-SAHSA,SH,Honduras,N
1077,Air Busan,BX,Republic of Korea,Y
1078,TUI Airlines Belgium,TB,Belgium,N
1079,Sky Express,XW,Russia,N
1080,Braathens,BU,Norway,N
1081,Globus,GH,Russia,Y
1082,Air Kazakhstan,9Y,Kazakhstan,Y
1083,Japan Air System,JD,Japan,Y
1084,Annsett New Zealand (NZA),ZQ,New Zealand,N
1085,EasyJet (DS),DS,Switzerland,Y
1086,Star Peru (2I),2I,Peru,Y
1087,Carnival Air Lines,KW,United States,Y
1088,United Airways,4H,Bangladesh,Y
1089,Trans Maldivian Airways,M8,Maldives,N
1090,Fly540,5H,Kenya,Y
1091,Transavia France,TO,France,Y
1092,Island Air (WP),WP,United States,Y
1093,1-2-go,OG,Thailand,N
1094,Uni Air,B7,Taiwan,Y
1095,Gomelavia,YD,Belarus,Y
1096,Red Wings,WZ,Russia,Y
1097,Felix Airways,FU,Yemen,Y
1098,Kostromskie avialinii,K1,Russia,Y
1099,Greenfly,XX,Spain,Y
1100,Tajik Air,7J,Tajikistan,Y
1101,Air Mozambique,TM,Mozambique,Y
1102,Gabon Airlines,GY,Gabon,N
1103,Maldivo Airlines,ML,Maldives,N
1104,Virgin Pacific,VH,Fiji,Y
1105,Zest Air,Z2,Philippines,Y
1106,Yangon Airways,HK,Burma,N
1107,Transport Arien TransrAcgional,IJ,France,N
1108,Minerva Airlines,N4,Italy,N
1109,Eastar Jet,ZE,South Korea,Y
1110,Jin Air,LJ,South Korea,Y
1111,Aacris (Priv),SH,France,N
1112,Air Arabia Maroc,3O,Morocco,Y
1113,Baltic Air lines,B1,Latvia,Y
1114,Ciel Canadien,YC,Canada,Y
1115,Canadian National Airways,CN,Canada,Y
1116,Epic Holiday,FA,United States,N
1117,Air Comet Chile,3I,Chile,Y
1118,Voronezhskie Airlanes,DN,Russia,N
1119,Line Blue,L8,Germany,N
1120,Blue Sky America,BU,United States,N
1121,Texas Spirit,XS,United States,N
1122,Illinois Airways,IL,United States,N
1123,Salzburg arrows,SZ,Austria,Y
1124,Texas Wings,TQ,United States,N
1125,California Western,KT,United States,N
1126,Dennis Sky,DH,Israel,N
1127,Zz,ZZ,Belgium,Y
1128,Atifly,A1,United States,Y
1129,Air UK,UK,United Kingdom,N
1130,Suckling Airways,CB,United Kingdom,N
1131,Reno Sky,RY,United States,N
1132,Birmingham European,VB,United Kingdom,N
1133,Pal airlines,5P,Chile,Y
1134,CanXpress,C1,Canada,Y
1135,Danube Wings (V5),V5,Slovakia,Y
1136,Sharp Airlines,SH,Australia,N
1137,CanXplorer,C2,Canada,Y
1138,Click (Mexicana),QA,Mexico,Y
1139,World Experience Airline,W1,Canada,Y
1140,ALAK,J4,Russia,N
1141,AJT Air International,E9,Russia,N
1142,Air Choice One,3E,United States,Y
1143,China United,KN,China,Y
1144,Locair,ZQ,United States,N
1145,Safi Airlines,4Q,Afghanistan,Y
1146,SeaPort Airlines,K5,United States,Y
1147,Salmon Air,S6,United States,N
1148,Fly Illi,IL,United States,N
1149,Star1 Airlines,V9,Lithuania,Y
1150,Pelita,6D,Indonesia,Y
1151,Alpi Eagles (E8),E8,Italy,N
1152,Alaska Seaplane Service,J5,United States,Y
1153,TAN,T8,Argentina,N
1154,MexicanaLink,I6,Mexico,Y
1155,Island Spirit,IP,Iceland,Y
1156,TACA Peru,T0,Peru,Y
1157,Pan Am World Airways Dominicana,7Q,Dominican Republic,Y
1158,Primera Air,PF,Iceland,N
1159,Air Antilles Express,3S,Guadeloupe,Y
1160,Regional Paraguaya,P7,Paraguay,Y
1161,VIP Ecuador,V6,Ecuador,Y
1162,Peruvian Airlines,P9,Peru,Y
1163,Polar Airlines,,Russia,Y
1164,Catovair,OC,Mauritius,Y
1165,Halcyonair,7Z,Cape Verde,Y
1166,Business Aviation,4P,Congo (Kinshasa),Y
1167,Compagnie Africaine d'Aviation,E9,Congo (Kinshasa),N
1168,Zambia Skyways,K8,Zambia,Y
1169,AlMasria Universal Airlines,UJ,Egypt,Y
1170,SmartLynx Airlines,6Y,Latvia,Y
1171,KoralBlue Airlines,K7,Egypt,Y
1172,Elysian Airlines,E4,Cameroon,N
1173,Hellenic Imperial Airways,HT,Greece,N
1174,Amsterdam Airlines,WD,Netherlands,N
1175,Arik Niger,Q9,Niger,Y
1176,Dana Air,DA,Nigeria,N
1177,STP Airways,8F,Sao Tome and Principe,Y
1178,Med Airways,7Y,Lebanon,Y
1179,Skyjet Airlines,UQ,Uganda,N
1180,Air Volga,G6,Russia,N
1181,Royal Falcon,RL,Jordan,Y
1182,Euroline,4L,Georgia,Y
1183,Worldways,WG,Canada,N
1184,Athens Airways,ZF,Greece,Y
1185,Viking Hellas,VQ,Greece,Y
1186,Starline.kz,DZ,Kazakhstan,Y
1187,Euro Harmony,EH,Portugal,N
1188,Lugansk Airlines,L7,Ukraine,N
1189,Gryphon Airlines,6P,United States,N
1190,Gadair European Airlines,GP,Spain,N
1191,Spirit of Manila Airlines,SM,Philippines,N
1192,Chongqing Airlines,OQ,China,Y
1193,West Air China,PN,China,Y
1194,Falcon Air (IH),IH,Sweden,N
1195,QatXpress,C3,Qatar,N
1196,OneChina,1C,China,N
1197,NordStar Airlines,Y7,Russia,Y
1198,Joy Air,JR,China,N
1199,Air India Regional,CD,India,N
1200,MDLR Airlines,9H,India,Y
1201,Maldivian,Q2,Maldives,Y
1202,Xpressair,XN,Indonesia,Y
1203,Strategic Airlines,VC,Australia,N
1204,Al-Naser Airlines,NA,Iraq,N
1205,Fuji Dream Airlines,JH,Japan,Y
1206,SGA Airlines,5E,Thailand,Y
1207,Air2there,F8,New Zealand,Y
1208,Avianova (Russia),AO,Russia,N
1209,Parmiss Airlines (IPV),PA,Iran,N
1210,EuropeSky,ES,Germany,N
1211,BRAZIL AIR,GB,Brazil,N
1212,Homer Air,MR,Germany,Y
1213,Flitestar,GM,South Africa,N
1214,PanAm World Airways,WQ,United States,Y
1215,Virginwings,YY,Germany,Y
1216,KSY,KY,Greece,Y
1217,Buquebus Líneas Aéreas,BQ,Uruguay,N
1218,SOCHI AIR,CQ,Russia,N
1219,Wizz Air Ukraine,WU,Ukraine,Y
1220,LCM AIRLINES,LQ,Russia,N
1221,Aero Brazil,BZ,Brazil,N
1222,Cambodia Angkor Air (K6),K6,Cambodia,Y
1223,Skyline nepc,D5,India,N
1224,THREE,H3,China,N
1225,Azul,AD,Brazil,Y
1226,LSM Airlines,PQ,Russia,Y
1227,LionXpress,C4,Cameroon,N
1228,Nik Airways,X1,Saudi Arabia,N
1229,Genesis,GK,Pakistan,Y
1230,Congo Express,XZ,Congo (Kinshasa),Y
1231,Fly Dubai,FZ,United Arab Emirates,Y
1232,Domenican Airlines,D1,Dominican Republic,Y
1233,Air Atlantic,9A,Canada,N
1234,Air Ops,CR,Sweden,N
1235,Aereonautica militare,JY,Italy,Y
1236,LSM AIRLINES ,YZ,Russia,Y
1237,Aero Lloyd (YP),YP,Germany,N
1238,UTair-Express,UR,Russia,Y
1239,Huaxia,G5,China,Y
1240,Zabaykalskii Airlines,ZP,Russia,N
1241,Marysya Airlines,M4,Russia,N
1242,N1,N1,Peru,Y
1243,Airlink (SAA),4Z,South Africa,Y
1244,JobAir,3B,Czech Republic,Y
1245,Zuliana de Aviacion,OD,Venezuela,N
1246,Black Stallion Airways,BZ,United States,N
1247,German International Air Lines,GM,Germany,N
1248,TrasBrasil,TB,Brazil,N
1249,TransBrasil Airlines,TH,Brazil,N
1250,China SSS,9C,China,Y
1251,Nihon.jet,NJ,Japan,N
1252,Transportes Aireos Nacionales de Selva,TJ,Peru,N
1253,Air Mekong,P8,Vietnam,Y
1254,Harbour Air (Priv),H3,Canada,N
1255,Air Hamburg (AHO),HH,Germany,N
1256,ZABAIKAL AIRLINES,Z6,Russia,Y
1257,TransHolding,TI,Brazil,N
1258,Yeti Airways,YT,Nepal,Y
1259,Yellowstone Club Private Shuttle,Y1,United States,Y
1260,Caucasus Airlines,NS,Georgia,Y
1261,Serbian Airlines,S1,Serbia,Y
1262,Windward Islands Airways,WM,Netherlands Antilles,Y
1263,TransHolding System,YO,Brazil,Y
1264,CCML Airlines,CB,Colombia,N
1265,Air Charter International,SF,France,N
1266,Fly Brasil,F1,Brazil,Y
1267,CB Airways UK ( Interliging Flights ),1F,United Kingdom,N
1268,Fly Colombia ( Interliging Flights ),3F,Colombia,Y
1269,Trans Pas Air,T6,United States,N
1270,KMV,,Russia,Y
1271,Himalayan Airlines,HC,Nepal,N
1272,Indya Airline Group,G1,India,N
1273,Sunwing,WG,Canada,N
1274,Japan Regio,ZX,Japan,N
1275,Norte Lineas Aereas,N0,Argentina,Y
1276,Austral Brasil,W7,Brazil,Y
1277,PEGASUS AIRLINES-,H9,Turkey,N
1278,AirLibert,IJ,France,N
1279,Camair-co,QC,Cameroon,Y
1280,Aerocontinente (Priv),N6,Peru,N
1281,Sky Regional,RS,Canada,N
1282,TUR Avrupa Hava Yollar,YI,Turkey,N
1283,LSM International ,II,Russia,N
1284,Baikotovitchestrian Airlines ,BU,American Samoa,N
1285,Luchsh Airlines ,L4,Russia,Y
1286,Zimbabwean Airlines,Z7,Zimbabwe,N
1287,Air Cargo Germany,6U,Germany,N
1288,Mongolian International Air Lines ,7M,Mongolia,Y
1289,Alaniya Airlines,2D,Russia,N
1290,Tway Airlines,TW,South Korea,Y
1291,Papillon Grand Canyon Helicopters,HI,United States,Y
1292,Jusur airways,JX,Egypt,N
1293,NEXT Brasil,XB,Brazil,Y
1294,AeroWorld ,W4,Russia,Y
1295,Cook Island Air,KH,Cook Islands,N
1296,US Africa Airways,E8,United States,N
1297,GNB Linhas Aereas,GN,Brazil,N
1298,Usa Sky Cargo,E1,United States,Y
1299,Hankook Airline,HN,South Korea,N
1300,Red Jet America,RR,United States,N
1301,REDjet,Z7,Barbados,Y
1302,Hellenic Airways,1H,Greece,N
1303,Red Jet Andes,PT,Peru,N
1304,Red Jet Canada,QY,Canada,N
1305,Red Jet Mexico,4X,Mexico,Y
1306,Marusya Airways,Y8,Russia,Y
1307,Era Alaska,7H,United States,Y
1308,AirRussia,R8,Russia,N
1309,Hankook Air US,H1,United States,Y
1310,NEPC Airlines,D5,India,N
1311,I-Fly,H5,Russia,N
1312,T.A.T,IJ,France,N
1313,Alinord,DN,Italy,N
1314,Pacific Express,VB,United States,N
1315,VickJet,KT,France,N
1316,BVI Airways,XV,British Virgin Islands,Y
1317,Salsa d Haiti,SO,Haiti,N
1318,Zambezi Airlines (ZMA),ZJ,Zambia,Y
1319,Polet Airlines (Priv),YQ,Russia,Y
1320,TROPICAL LINHAS AEREAS,T1,Brazil,N
1321,Mauritania Airlines International,L6,Mauritania,Y
1322,MAT Airways,6F,Macedonia,Y
1323,Asian Wings Airways,AW,Burma,Y
1324,Air Arabia Egypt,E5,Egypt,Y
1325,Alitalia Cityliner,CT,Italy,N
1326,Orchid Airlines,OI,Australia,Y
1327,Asia Wings,Y5,Kazakhstan,N
1328,Skywest Australia,XR,Australia,Y
1329,Nile Air,NP,Egypt,Y
1330,Senegal Airlines,DN,Senegal,Y
1331,Fly 6ix,6I,Sierra Leone,N
1332,Starbow Airlines,S9,Ghana,Y
1333,Copenhagen Express,0X,Denmark,Y
1334,BusinessAir,8B,Thailand,Y
1335,SENIC AIRLINES,YR,United States,Y
1336,Sky Wing Pacific,C7,South Korea,Y
1337,Air Indus,PP,Pakistan,Y
1338,AirOne Polska,U1,Poland,N
1339,Peach Aviation,MM,Japan,Y
1340,Aviabus,U1,Russia,N
1341,Michael Airlines,DF,Puerto Rico,Y
1342,Korongo Airlines,ZC,Congo (Kinshasa),Y
1343,Indonesia Sky,I5,Indonesia,Y
1344,Pelangi ,9P,Malaysia,N
1345,Aws express,B0,United States,Y
1346,Air Cape,KP,South Africa,N
1347,Iberia Express,I2,Spain,Y
1348,Interjet (ABC Aerolineas),4O,Mexico,Y
1349,AirOnix,OG,Ukraine,Y
1350,Nordic Global Airlines,NJ,Finland,N
1351,Scoot,TZ,Singapore,Y
1352,Starling Airlines Spain,SX,Spain,N
1353,Hi Fly (5K),5K,Portugal,N
1354,China Northwest Airlines (WH),WH,China,N
1355,Zenith International Airline,ZN,Thailand,Y
1356,Orbit Airlines Azerbaijan,O1,Azerbaijan,Y
1357,Air Alps Aviation (A6),A6,Austria,N
1358,Patriot Airways,P4,United States,Y
1359,Vision Airlines (V2),V2,United States,Y
1360,Chicago Express (C8),C8,United States,N
1361,BQB Lineas Aereas,5Q,Uruguay,Y
1362,Yellowtail,YE,United States,Y
1363,Royal Airways,KG,United States,N
1364,FlyHigh Airlines Ireland (FH),FH,Ireland,N
1365,Aero VIP (2D),2D,Portugal,N
1366,Yangon Airways Ltd.,YH,Burma,Y
1367,T.J. Air,TJ,United States,Y
1368,SkyWork Airlines ,SX,Switzerland,Y
1369,ValueJet,J7,United States,N
1370,Maastricht Airlines,W2,Netherlands,Y
1371,CheapFlyingInternational,WL,France,N
1372,Aviaexpresscruise,E6,Russia,N
1373,HQ- Business Express,HQ,United States,N
1374,Royal Southern Airlines.,R1,Colombia,N
1375,SOCHI AIR CHATER,Q3,Russia,Y
1376,Denim Air ,J7,Norway,N
1377,WestAir,OE,United States,N
1378,WestAir Airlines,OE,United States,N
1379,WestAir Airlines ,OE,United States,N
1380,North Pacific Airlines,NO,United States,N
1381,Malindo Air,OD,Malaysia,N
1382,Tramm Airlines,9F,Netherlands Antilles,N
